Planet,Era,Owner,ObjectType,Amount,ReuseEra
Aargau,1,Rebel,Generate_Force,1,
Aargau,2,,,,1
Aargau,3,,,,1
Aargau,4,,,,1
Aargau,5,,,,1
Aargau,6,,,,1
Aargau,7,,,,1
Aargonar,1,Greater_Maldrood,Generate_Force,1,
Aargonar,2,,,,1
Aargonar,3,,,,1
Aargonar,4,,,,1
Aargonar,5,Rebel,Generate_Force,1,
Aargonar,6,,,,5
Aargonar,7,,,,5
Abhean,1,Greater_Maldrood,Generate_Force,1,
Abhean,2,,,,1
Abhean,3,,,,1
Abhean,4,Empire,Generate_Force,1,
Abhean,5,,,,4
Abhean,6,Rebel,Generate_Force,1,
Abhean,7,,,,6
Abregado_Rae,1,Empire,Generate_Force,1,
Abregado_Rae,2,Warlords,Generate_Force,1,
Abregado_Rae,3,Rebel,Generate_Force,1,
Abregado_Rae,3,,,,3
Abregado_Rae,4,,,,3
Abregado_Rae,5,,,,3
Abregado_Rae,6,,,,3
Abregado_Rae,7,,,,3
Abridon,1,Rebel,Generate_Force,1,
Abridon,2,,,,1
Abridon,3,,,,1
Abridon,4,Empire,Generate_Force,1,
Abridon,5,,,,1
Abridon,6,,,,1
Abridon,7,,,,1
Adumar,1,Independent_Forces,Generate_Force,1,
Adumar,2,,,,1
Adumar,3,,,,1
Adumar,4,,,,1
Adumar,5,,,,1
Adumar,6,,,,1
Adumar,7,Rebel,Generate_Force,1,
Agamar,1,Empire,Generate_Force,1,
Agamar,2,,,,1
Agamar,3,Rebel,Generate_Force,1,
Agamar,4,,,,1
Agamar,5,,,,1
Agamar,6,,,,1
Agamar,7,,,,1
Agomar,1,Eriadu_Authority,Generate_Force,1,
Agomar,2,Warlords,Generate_Force,1,
Agomar,3,Rebel,Generate_Force,1,
Agomar,4,,,,3
Agomar,5,,,,3
Agomar,6,,,,3
Agomar,7,,,,3
Aguarl,1,Empire,Generate_Force,1,
Aguarl,2,Rebel,Generate_Force,1,
Aguarl,3,,,,2
Aguarl,4,,,,2
Aguarl,5,,,,2
Aguarl,6,,,,2
Aguarl,7,,,,2
Akuria,1,Warlords,Generate_Force,1,
Akuria,2,,,,1
Akuria,3,Empire,Generate_Force,1,
Akuria,4,,,,3
Akuria,5,,,,3
Akuria,6,,,,3
Akuria,7,,,,3
Alagon,1,Independent_Forces,Generate_Force,1,
Alagon,2,,,,1
Alagon,3,,,,1
Alagon,4,,,,1
Alagon,5,,,,1
Alagon,6,Rebel,Generate_Force,1,
Alagon,7,,,,6
Alderaan_Graveyard,2,Rebel,Generate_Force,1,
Alderaan_Graveyard,3,,,,2
Alderaan_Graveyard,4,,,,2
Alderaan_Graveyard,5,,,,2
Alderaan_Graveyard,6,,,,2
Alderaan_Graveyard,7,,,,2
Almania,1,Independent_Forces,Generate_Force,1,
Almania,2,,,,1
Almania,3,,,,1
Almania,4,,,,1
Almania,5,,,,1
Almania,6,,,,1
Almania,7,,,,1
Alsakan,1,Empire,Generate_Force,1,
Alsakan,2,,,,2
Alsakan,3,Rebel,Generate_Force,1,
Alsakan,4,,,,3
Alsakan,5,Warlords,Generate_Force,1,
Alsakan,6,,,,5
Alsakan,7,,,,3
Althir,1,Zsinj_Empire,Generate_Force,1,
Althir,2,,,,1
Althir,3,Independent_Forces,Generate_Force,1,
Althir,4,,,,3
Althir,5,,,,3
Althir,6,,,,3
Althir,7,,,,3
Alzoc,1,Empire,Generate_Force,1,
Alzoc,2,Independent_Forces,Generate_Force,1,
Alzoc,3,Rebel,Generate_Force,1,
Alzoc,4,,,,3
Alzoc,5,,,,2
Alzoc,6,,,,2
Alzoc,7,Warlords,Generate_Force,1,
Ambria,1,Independent_Forces,Generate_Force,1,
Ambria,2,Rebel,Generate_Force,1,
Ambria,3,,,,2
Ambria,4,,,,2
Ambria,5,,,,2
Ambria,6,,,,2
Ambria,7,,,,2
Amrac,1,EmpireoftheHand,Generate_Force,1,
Amrac,2,,,,1
Amrac,3,,,,1
Amrac,4,,,,1
Amrac,5,,,,1
Amrac,6,,,,1
Amrac,7,,,,1
Anaxes,1,Warlords,Generate_Force,1,
Anaxes,2,,,,1
Anaxes,3,Rebel,Generate_Force,1,
Anaxes,4,,,,3
Anaxes,5,,,,3
Anaxes,6,,,,3
Anaxes,7,,,,3
Ando,1,Warlords,Generate_Force,1,
Ando,2,,,,1
Ando,3,Rebel,Generate_Force,1,
Ando,4,Empire,Generate_Force,1,
Ando,5,,,,1
Ando,6,,,,1
Ando,7,,,,1
Ando_Prime,1,Warlords,Generate_Force,1,
Ando_Prime,2,,,,1
Ando_Prime,3,Rebel,Generate_Force,1,
Ando_Prime,4,Empire,Generate_Force,1,
Ando_Prime,5,,,,1
Ando_Prime,6,,,,1
Ando_Prime,7,,,,1
Annaj,1,Warlords,Generate_Force,1,
Annaj,2,,,,1
Annaj,3,Rebel,Generate_Force,1,
Annaj,4,,,,3
Annaj,5,,,,3
Annaj,6,,,,3
Annaj,7,,,,3
Ansion,1,Rebel,Generate_Force,1,
Ansion,2,,,,1
Ansion,3,,,,1
Ansion,4,,,,1
Ansion,5,Empire,Generate_Force,1,
Ansion,6,,,,5
Ansion,7,,,,5
Antemeridias,1,Warlords,Generate_Force,1,
Antemeridias,2,,,,1
Antemeridias,3,,,,1
Antemeridias,4,,,,1
Antemeridias,5,,,,1
Antemeridias,6,,,,1
Antemeridias,7,,,,1
Anx_Minor,1,Pentastar,Generate_Force,1,
Anx_Minor,2,,,,1
Anx_Minor,3,,,,1
Anx_Minor,4,,,,1
Anx_Minor,5,,,,1
Anx_Minor,6,,,,1
Anx_Minor,7,Empire,Generate_Force,1,
Arized,1,Independent_Forces,Generate_Force,1,
Arized,2,,,,1
Arized,3,,,,1
Arized,4,,,,1
Arized,5,,,,1
Arized,6,,,,1
Arized,7,,,,1
Aruza,1,Empire,Generate_Force,1,
Aruza,2,Rebel,Generate_Force,1,
Aruza,3,,,,2
Aruza,4,,,,2
Aruza,5,,,,2
Aruza,6,,,,2
Aruza,7,,,,2
Arkania,1,Empire,Generate_Force,1,
Arkania,2,Empire,,,1
Arkania,3,Independent_Forces,Generate_Force,1,
Arkania,4,,,,3
Arkania,5,,,,3
Arkania,6,,,,3
Arkania,7,,,,3
Atchorb,1,Corporate_Sector,Generate_Force,1,
Atchorb,2,Zsinj_Empire,Generate_Force,1,
Atchorb,3,,,,1
Atchorb,4,,,,1
Atchorb,5,,,,1
Atchorb,6,,,,1
Atchorb,7,,,,1
Atravis,1,Warlords,Generate_Force,1,
Atravis,2,,,,1
Atravis,3,,,,1
Atravis,4,,,,1
Atravis,5,,,,1
Atravis,6,,,,1
Atravis,7,,,,1
Attahox,1,Empire,Generate_Force,1,
Attahox,2,,,,1
Attahox,3,Rebel,Generate_Force,1,
Attahox,4,,,,3
Attahox,5,,,,3
Attahox,6,,,,3
Attahox,7,,,,3
Aturi,1,Empire,Generate_Force,1,
Aturi,2,,,,1
Aturi,3,Rebel,Generate_Force,1,
Aturi,4,,,,3
Aturi,5,,,,3
Aturi,6,,,,3
Aturi,7,,,,3
Atzerri,1,Empire,Generate_Force,1,
Atzerri,2,,,,1
Atzerri,3,Rebel,Generate_Force,1,
Atzerri,4,,,,3
Atzerri,5,,,,3
Atzerri,6,,,,3
Atzerri,7,,,,3
AX456,1,Empire,Generate_Force,1,
AX456,2,,,,1
AX456,3,Rebel,Generate_Force,1,
AX456,4,,,,3
AX456,5,,,,3
AX456,6,,,,3
AX456,7,,,,3
Axxila,1,Zsinj_Empire,Generate_Force,1,
Axxila,2,,,,1
Axxila,3,Empire,Generate_Force,1,
Axxila,4,,,,3
Axxila,5,,,,3
Axxila,6,,,,3
Axxila,7,,,,3
Azure,1,Empire,Generate_Force,1,
Azure,2,Zsinj_Empire,Generate_Force,1,
Azure,3,Rebel,Generate_Force,1,
Azure,4,,,,3
Azure,5,,,,3
Azure,6,,,,3
Azure,7,,,,3
Bajic,1,Rebel,Generate_Force,1,
Bajic,2,,,,1
Bajic,3,,,,1
Bajic,4,,,,1
Bajic,5,,,,1
Bajic,6,,,,1
Bajic,7,,,,1
Bakura,1,Warlords,Generate_Force,1,
Bakura,2,Rebel,Generate_Force,1,
Bakura,3,,,,2
Bakura,4,,,,2
Bakura,5,,,,2
Bakura,6,,,,2
Bakura,7,,,,2
Balamak,1,Greater_Maldrood,Generate_Force,1,
Balamak,2,,,,1
Balamak,3,Warlords,Generate_Force,1,
Balamak,4,Empire,Generate_Force,1,
Balamak,5,,,,3
Balamak,6,,,,3
Balamak,7,,,,3
Balmorra,1,Empire,Generate_Force,1,
Balmorra,2,,,,1
Balmorra,3,Warlords,Generate_Force,1,
Balmorra,4,,,,3
Balmorra,5,,,,3
Balmorra,6,Rebel,Generate_Force,1,
Balmorra,7,,,,6
Bandomeer,1,Zsinj_Empire,Generate_Force,1,
Bandomeer,2,,,,1
Bandomeer,3,Empire,Generate_Force,1,
Bandomeer,4,Rebel,Generate_Force,1,
Bandomeer,5,,,,3
Bandomeer,6,,,,3
Bandomeer,7,,,,3
Barab,1,Empire,Generate_Force,1,
Barab,2,,,,1
Barab,3,,,,1
Barab,4,Rebel,Generate_Force,1,
Barab,5,,,,4
Barab,6,,,,4
Barab,7,,,,4
Barlok,1,Empire,Generate_Force,1,
Barlok,2,,,,1
Barlok,3,Rebel,Generate_Force,1,
Barlok,4,,,,3
Barlok,5,,,,3
Barlok,6,,,,3
Barlok,7,,,,3
Basilisk,1,Empire,Generate_Force,1,
Basilisk,2,,,,1
Basilisk,3,,,,1
Basilisk,4,Rebel,Generate_Force,1,
Basilisk,5,,,,4
Basilisk,6,,,,4
Basilisk,7,,,,4
Bastion,1,Pentastar,Generate_Force,1,
Bastion,2,,,,1
Bastion,3,,,,1
Bastion,4,,,,1
Bastion,5,,,,1
Bastion,6,,,,1
Bastion,7,Empire,Generate_Force,1,
Bastion,7,Empire,Remnant_Capital,1,
Bazaar,1,Empire,Generate_Force,1,
Bazaar,2,,,,1
Bazaar,3,Rebel,Generate_Force,1,
Bazaar,4,,,,3
Bazaar,5,,,,1
Bazaar,6,,,,1
Bazaar,7,,,,1
Begeren,1,Zsinj_Empire,Generate_Force,1,
Begeren,2,,,,1
Begeren,3,Independent_Forces,Generate_Force,1,
Begeren,4,Empire,Generate_Force,1,
Begeren,5,,,,3
Begeren,6,,,,3
Begeren,7,,,,3
Belderone,1,Greater_Maldrood,Generate_Force,1,
Belderone,2,,,,1
Belderone,3,Rebel,Generate_Force,1,
Belderone,4,,,,3
Belderone,5,,,,3
Belderone,6,,,,3
Belderone,7,,,,3
Belgaroth,1,Empire,Generate_Force,1,
Belgaroth,2,Warlords,Generate_Force,1,
Belgaroth,3,Rebel,Generate_Force,1,
Belgaroth,4,,,,3
Belgaroth,5,,,,1
Belgaroth,6,,,,2
Belgaroth,7,,,,3
Belkadan,1,Independent_Forces,Generate_Force,1,
Belkadan,2,,,,1
Belkadan,3,,,,1
Belkadan,4,,,,1
Belkadan,5,,,,1
Belkadan,6,,,,1
Belkadan,7,,,,1
Belsavis,1,Eriadu_Authority,Generate_Force,1,
Belsavis,2,,,,1
Belsavis,3,Warlords,Generate_Force,1,
Belsavis,4,Rebel,Generate_Force,1,
Belsavis,5,,,,4
Belsavis,6,,,,4
Belsavis,7,,,,4
Belsmuth,1,Zsinj_Empire,Generate_Force,1,
Belsmuth,2,,,,1
Belsmuth,3,Empire,Generate_Force,1,
Belsmuth,4,,,,3
Belsmuth,5,,,,3
Belsmuth,6,,,,3
Belsmuth,7,,,,3
Bescane,1,Pentastar,Generate_Force,1,
Bescane,2,,,,1
Bescane,3,,,,1
Bescane,4,,,,1
Bescane,5,,,,1
Bescane,6,,,,1
Bescane,7,Empire,Generate_Force,1,
Bespin,1,Rebel,Generate_Force,1,
Bespin,2,Warlords,Generate_Force,1,
Bespin,3,Empire,Generate_Force,1,
Bespin,4,,,,3
Bespin,5,,,,1
Bespin,6,,,,1
Bespin,7,,,,1
Bestine,1,Empire,Generate_Force,1,
Bestine,2,,,,1
Bestine,3,,,,1
Bestine,4,Rebel,Generate_Force,1,
Bestine,5,,,,4
Bestine,6,,,,4
Bestine,7,,,,4
Bilbringi,1,Empire,Generate_Force,1,
Bilbringi,2,,,,1
Bilbringi,3,,,,1
Bilbringi,4,Rebel,Generate_Force,1,
Bilbringi,5,,,,1
Bilbringi,6,,,,4
Bilbringi,7,,,,4
Bimmiel,1,Pentastar,Generate_Force,1,
Bimmiel,2,Empire,Generate_Force,1,
Bimmiel,3,,,,2
Bimmiel,4,,,,2
Bimmiel,5,,,,2
Bimmiel,6,,,,2
Bimmiel,7,,,,2
Bimmisaari,1,Greater_Maldrood,Generate_Force,1,
Bimmisaari,2,,,,1
Bimmisaari,3,Rebel,Generate_Force,1,
Bimmisaari,4,,,,3
Bimmisaari,5,,,,3
Bimmisaari,6,,,,3
Bimmisaari,7,,,,3
Bknos,1,SsiRuuvi_Imperium,Generate_Force,1,
Bknos,2,Rebel,Generate_Force,1,
Bknos,3,,,,1
Bknos,4,,,,1
Bknos,5,,,,1
Bknos,6,,,,1
Bknos,7,,,,1
Bogo_Rai,1,Chiss,Generate_Force,1,
Bogo_Rai,2,,,,1
Bogo_Rai,3,,,,1
Bogo_Rai,4,,,,1
Bogo_Rai,5,,,,1
Bogo_Rai,6,,,,1
Bogo_Rai,7,,,,1
Bomis_Koori,1,Warlords,Generate_Force,1,
Bomis_Koori,2,Rebel,Generate_Force,1,
Bomis_Koori,3,,,,2
Bomis_Koori,4,,,,2
Bomis_Koori,5,,,,2
Bomis_Koori,6,,,,2
Bomis_Koori,7,,,,2
Bompreil,1,Zsinj_Empire,Generate_Force,1,
Bompreil,2,,,,1
Bompreil,3,Independent_Forces,Generate_Force,1,
Bompreil,4,Empire,Generate_Force,1,
Bompreil,5,,,,4
Bompreil,6,Rebel,Generate_Force,1,
Bompreil,7,,,,6
Bonadan,1,Corporate_Sector,Generate_Force,1,
Bonadan,2,Zsinj_Empire,Generate_Force,1,
Bonadan,3,,,,1
Bonadan,4,,,,1
Bonadan,5,,,,1
Bonadan,6,,,,1
Bonadan,7,,,,1
Boonta,1,Greater_Maldrood,Generate_Force,1,
Boonta,2,Hutt_Cartels,Generate_Force,1,
Boonta,3,,,,2
Boonta,4,,,,2
Boonta,5,,,,2
Boonta,6,,,,2
Boonta,7,,,,2
Borleias,1,Empire,Generate_Force,1,
Borleias,2,,,,1
Borleias,3,Rebel,Generate_Force,1,
Borleias,4,,,,3
Borleias,5,,,,3
Borleias,6,,,,3
Borleias,7,,,,3
Bormter,1,Warlords,Generate_Force,1,
Bormter,2,,,,1
Bormter,3,,,,1
Bormter,4,,,,1
Bormter,5,,,,1
Bormter,6,,,,1
Bormter,7,,,,1
Bormus,1,Empire,Generate_Force,1,
Bormus,2,Rebel,Generate_Force,1,
Bormus,3,,,,2
Bormus,4,,,,2
Bormus,5,,,,2
Bormus,6,,,,2
Bormus,7,,,,2
Borosk,1,Pentastar,Generate_Force,1,
Borosk,2,,,,1
Borosk,3,,,,1
Borosk,4,,,,1
Borosk,5,,,,1
Borosk,6,,,,1
Borosk,7,Empire,Generate_Force,1,
Botajef,1,Empire,Generate_Force,1,
Botajef,2,Zsinj_Empire,Generate_Force,1,
Botajef,3,,,,1
Botajef,4,,,,1
Botajef,5,,,,1
Botajef,6,,,,1
Botajef,7,,,,1
Bothawui,1,Rebel,Generate_Force,1,
Bothawui,1,Rebel,NewRep_Senate,1,
Bothawui,2,,,,1
Bothawui,3,Rebel,Generate_Force,1,
Bothawui,4,,,,3
Bothawui,5,,,,3
Bothawui,6,,,,3
Bothawui,7,,,,3
Boz_Pity,1,Greater_Maldrood,Generate_Force,1,
Boz_Pity,2,,,,1
Boz_Pity,3,Warlords,Generate_Force,1,
Boz_Pity,4,Rebel,Generate_Force,1,
Boz_Pity,5,,,,4
Boz_Pity,6,,,,4
Boz_Pity,7,,,,4
Bpfassh,1,Eriadu_Authority,Generate_Force,1,
Bpfassh,2,,,,1
Bpfassh,3,Rebel,Generate_Force,1,
Bpfassh,4,,,,3
Bpfassh,5,,,,3
Bpfassh,6,,,,3
Bpfassh,7,,,,3
Brentaal,1,Empire,Generate_Force,1,
Brentaal,2,Rebel,Generate_Force,1,
Brentaal,3,,,,2
Brentaal,4,,,,2
Brentaal,5,,,,2
Brentaal,6,,,,2
Brentaal,7,,,,2
Bresnia,1,Empire,Generate_Force,1,
Bresnia,2,Rebel,Generate_Force,1,
Bresnia,3,,,,2
Bresnia,4,,,,2
Bresnia,5,,,,2
Bresnia,6,,,,2
Bresnia,7,,,,2
Brigia,1,Empire,Generate_Force,1,
Brigia,2,Zsinj_Empire,Generate_Force,1,
Brigia,3,Independent_Forces,Generate_Force,1,
Brigia,4,,,,3
Brigia,5,,,,3
Brigia,6,,,,3
Brigia,7,,,,3
Byblos,1,Empire,Generate_Force,1,
Byblos,2,,,,1
Byblos,3,Rebel,Generate_Force,1,
Byblos,4,,,,3
Byblos,5,,,,3
Byblos,6,,,,3
Byblos,7,,,,3
Byss,4,Empire,Generate_Force,1,
Byss,4,Empire,Remnant_Capital,1,
Cal_Seti,1,Warlords,Generate_Force,1,
Cal_Seti,2,Rebel,Generate_Force,1,
Cal_Seti,3,,,,2
Cal_Seti,4,,,,2
Cal_Seti,5,,,,2
Cal_Seti,6,,,,2
Cal_Seti,7,,,,2
Calonica,1,Empire,Generate_Force,1,
Calonica,2,Rebel,Generate_Force,1,
Calonica,3,,,,2
Calonica,4,,,,2
Calonica,5,,,,2
Calonica,6,,,,2
Calonica,7,,,,2
Carida,1,Empire,Generate_Force,1,
Carida,2,,,,1
Carida,3,,,,1
Carida,4,,,,1
Carida,5,,,,1
Carida,6,,,,1
Carosi,1,Rebel,Generate_Force,1,
Carosi,2,,,,1
Carosi,3,,,,1
Carosi,4,,,,1
Carosi,5,,,,1
Carosi,6,,,,1
Carosi,7,,,,1
Casfield,1,Independent_Forces,Generate_Force,1,
Casfield,2,,,,1
Casfield,3,,,,1
Casfield,4,,,,1
Casfield,5,,,,1
Casfield,6,,,,1
Casfield,7,,,,1
Castell,1,Empire,Generate_Force,1,
Castell,2,,,,1
Castell,3,Rebel,Generate_Force,1,
Castell,4,,,,3
Castell,5,,,,3
Castell,6,,,,3
Castell,7,,,,3
Cathar,1,Zsinj_Empire,Generate_Force,1,
Cathar,2,,,,1
Cathar,3,Empire,Generate_Force,1,
Cathar,4,,,,3
Cathar,5,,,,3
Cathar,6,,,,3
Cathar,7,,,,3
Catlia,1,Chiss,Generate_Force,1,
Catlia,2,,,,1
Catlia,3,,,,1
Catlia,4,,,,1
Catlia,5,,,,1
Catlia,6,,,,1
Catlia,7,,,,1
Cato_Neimoidia,1,Empire,Generate_Force,1,
Cato_Neimoidia,2,,,,1
Cato_Neimoidia,3,,,,1
Cato_Neimoidia,4,Rebel,Generate_Force,1,
Cato_Neimoidia,5,,,,4
Cato_Neimoidia,6,,,,4
Cato_Neimoidia,7,,,,4
Cattamascar,1,SsiRuuvi_Imperium,Generate_Force,1,
Cattamascar,2,Rebel,Generate_Force,1,
Cattamascar,3,,,,1
Cattamascar,4,,,,1
Cattamascar,5,,,,1
Cattamascar,6,,,,1
Cattamascar,7,,,,1
Cauldron_Nebula,1,Zsinj_Empire,Generate_Force,1,
Cauldron_Nebula,2,Empire,Generate_Force,1,
Cauldron_Nebula,3,,,,2
Cauldron_Nebula,4,,,,2
Cauldron_Nebula,5,,,,2
Cauldron_Nebula,6,,,,2
Cejansij,1,Greater_Maldrood,Generate_Force,1,
Cejansij,2,,,,1
Cejansij,3,Warlords,Generate_Force,1,
Cejansij,4,Rebel,Generate_Force,1,
Cejansij,5,,,,4
Cejansij,6,,,,4
Cejansij,7,,,,4
Celanon,1,Zsinj_Empire,Generate_Force,1,
Celanon,2,,,,1
Celanon,3,Empire,Generate_Force,1,
Celanon,4,,,,3
Celanon,5,,,,3
Celanon,6,,,,3
Celanon,7,,,,3
Celwis,1,Chiss,Generate_Force,1,
Celwis,2,,,,1
Celwis,3,,,,1
Celwis,4,,,,1
Celwis,5,,,,1
Celwis,6,,,,1
Celwis,7,,,,1
Centares,1,Greater_Maldrood,Maldrood_Capital,1,
Centares,1,Greater_Maldrood,Generate_Force,1,
Centares,2,,,,1
Centares,3,Rebel,Generate_Force,1,
Centares,4,,,,3
Centares,5,,,,3
Centares,6,,,,3
Centares,7,,,,3
Cerea,1,Independent_Forces,Generate_Force,1,
Cerea,2,,,,1
Cerea,3,,,,1
Cerea,4,,,,1
Cerea,5,,,,1
Cerea,6,,,,1
Cerea,7,Rebel,Generate_Force,1,
Champala,1,Empire,Generate_Force,1,
Champala,2,,,,1
Champala,3,Rebel,Generate_Force,1,
Champala,4,,,,3
Champala,5,,,,3
Champala,6,,,,3
Champala,7,,,,3
Chandrila,1,Empire,Generate_Force,1,
Chandrila,2,Rebel,Generate_Force,1,
Chandrila,3,,,,2
Chandrila,4,,,,2
Chandrila,5,,,,2
Chandrila,6,,,,2
Chandrila,7,,,,2
Chardaan,1,Rebel,Generate_Force,1,
Chardaan,2,,,,1
Chardaan,3,,,,1
Chardaan,4,,,,1
Chardaan,5,,,,1
Chardaan,6,,,,1
Charros,1,Greater_Maldrood,Generate_Force,1,
Charros,2,,,,1
Charros,3,Rebel,Generate_Force,1,
Charros,4,,,,3
Charros,5,,,,3
Charros,6,,,,3
Charros,7,,,,3
Charubah,1,Hapes_Consortium,Generate_Force,1,
Charubah,2,,,,1
Charubah,3,,,,1
Charubah,4,,,,1
Charubah,5,,,,1
Charubah,6,,,,1
Charubah,7,,,,1
Chasin,1,Empire,Generate_Force,1,
Chasin,2,,,,1
Chasin,3,,,,1
Chasin,4,Warlords,Generate_Force,1,
Chasin,5,,,,4
Chasin,6,Rebel,Generate_Force,1,
Chasin,7,,,,6
Chazwa,1,Empire,Generate_Force,1,
Chazwa,2,,,,1
Chazwa,3,Rebel,Generate_Force,1,
Chazwa,4,,,,3
Chazwa,5,,,,3
Chazwa,6,,,,3
Chazwa,7,,,,3
Chorax,1,Empire,Generate_Force,1,
Chorax,2,,,,1
Chorax,3,Independent_Forces,Generate_Force,1,
Chorax,4,,,,3
Chorax,5,,,,3
Chorax,6,,,,3
Chorax,7,,,,3
Christophsis,1,Independent_Forces,Generate_Force,1,
Christophsis,2,,,,1
Christophsis,3,,,,1
Christophsis,4,,,,1
Christophsis,5,,,,1
Christophsis,6,,,,1
Christophsis,7,,,,1
Chrondre,1,Empire,Generate_Force,1,
Chrondre,2,Rebel,Generate_Force,1,
Chrondre,3,,,,2
Chrondre,4,,,,2
Chrondre,5,,,,2
Chrondre,6,,,,2
Chrondre,7,,,,2
Circumtore,1,Hutt_Cartels,Generate_Force,1,
Circumtore,2,,,,1
Circumtore,3,,,,1
Circumtore,4,,,,1
Circumtore,5,,,,1
Circumtore,6,,,,1
Circumtore,7,,,,1
Ciutric,1,Empire,Generate_Force,1,
Ciutric,2,Warlords,Generate_Force,1,
Ciutric,3,,,,1
Ciutric,4,,,,1
Ciutric,5,,,,2
Ciutric,6,,,,2
Ciutric,7,,,,1
Clakdor,1,Eriadu_Authority,Generate_Force,1,
Clakdor,2,,,,1
Clakdor,3,Rebel,Generate_Force,1,
Clakdor,4,,,,3
Clakdor,5,,,,3
Clakdor,6,,,,3
Clakdor,7,,,,3
Codian_Moon,1,Independent_Forces,Generate_Force,1,
Codian_Moon,2,,,,1
Codian_Moon,3,,,,1
Codian_Moon,4,,,,1
Codian_Moon,5,,,,1
Codian_Moon,6,,,,1
Codian_Moon,7,,,,1
Colla,1,Empire,Generate_Force,1,
Colla,2,,,,1
Colla,3,Rebel,Generate_Force,1,
Colla,4,,,,3
Colla,5,,,,3
Colla,6,,,,3
Colla,7,,,,3
Columex,1,Greater_Maldrood,Generate_Force,1,
Columex,2,,,,1
Columex,3,Rebel,Generate_Force,1,
Columex,4,,,,3
Columex,5,Empire,Generate_Force,1,
Columex,6,,,,3
Columex,7,,,,3
Columus,1,Empire,Generate_Force,1,
Columus,2,,,,1
Columus,3,,,,1
Columus,4,,,,1
Columus,5,,,,1
Columus,6,,,,1
Columus,7,,,,1
Comkin,1,Empire,Generate_Force,1,
Comkin,2,Zsinj_Empire,Generate_Force,1,
Comkin,3,,,,1
Comkin,4,Rebel,Generate_Force,1,
Comkin,5,,,,1
Comkin,6,,,,4
Comkin,7,,,,4
Commenor,1,Empire,Generate_Force,1,
Commenor,2,,,,1
Commenor,3,Rebel,Generate_Force,1,
Commenor,4,,,,3
Commenor,5,,,,3
Commenor,6,,,,3
Commenor,7,,,,3
Comra,1,Hutt_Cartels,Generate_Force,1,
Comra,2,,,,1
Comra,3,,,,1
Comra,4,,,,1
Comra,5,,,,1
Comra,6,,,,1
Comra,7,,,,1
Concord_Dawn,1,Mandalorians,Generate_Force,1,
Concord_Dawn,2,,,,1
Concord_Dawn,3,,,,1
Concord_Dawn,4,,,,1
Concord_Dawn,5,,,,1
Concord_Dawn,6,,,,1
Concord_Dawn,7,,,,1
Contruum,1,Empire,Generate_Force,1,
Contruum,2,Rebel,Generate_Force,1,
Contruum,3,,,,2
Contruum,4,,,,2
Contruum,5,,,,2
Contruum,6,,,,2
Contruum,7,,,,2
Copero,1,Chiss,Generate_Force,1,
Copero,2,,,,1
Copero,3,,,,1
Copero,4,,,,1
Copero,5,,,,1
Copero,6,,,,1
Copero,7,,,,1
Corellia,1,Corellia,Generate_Force,1,
Corellia,2,,,,1
Corellia,3,,,,1
Corellia,4,,,,1
Corellia,5,,,,1
Corellia,6,,,,1
Corellia,7,,,,1
Cormit,1,Chiss,Generate_Force,1,
Cormit,2,,,,1
Cormit,3,,,,1
Cormit,4,,,,1
Cormit,5,,,,1
Cormit,6,,,,1
Cormit,7,,,,1
Corsin,1,Empire,Generate_Force,1,
Corsin,2,,,,1
Corsin,3,,,,1
Corsin,4,,,,1
Corsin,5,,,,1
Corsin,6,Rebel,Generate_Force,1,
Corsin,7,,,,6
Corthenia,1,Empire,Generate_Force,1,
Corthenia,2,,,,1
Corthenia,3,,,,1
Corthenia,4,,,,1
Corthenia,5,,,,1
Corthenia,6,Rebel,Generate_Force,1,
Corthenia,7,,,,6
Corulag,1,Empire,Generate_Force,1,
Corulag,2,,,,1
Corulag,3,,,,1
Corulag,4,,,,1
Corulag,5,Warlords,Generate_Force,1,
Corulag,6,Rebel,Generate_Force,1,
Corulag,7,,,,6
Coruscant,1,Empire,Generate_Force,1,
Coruscant,1,Empire,Remnant_Capital,1,
Coruscant,2,,,,1
Coruscant,3,Rebel,Generate_Force,1,
Coruscant,4,Rebel,NewRep_Senate,1,
Coruscant,4,,,,4
Coruscant,5,,,,4
Coruscant,6,,,,4
Coruscant,7,,,,4
Corvis_Minor,1,Empire,Generate_Force,1,
Corvis_Minor,2,Warlords,Generate_Force,1,
Corvis_Minor,3,,,,1
Corvis_Minor,4,,,,1
Corvis_Minor,5,,,,2
Corvis_Minor,6,,,,2
Corvis_Minor,7,,,,1
Crakull,1,Independent_Forces,Generate_Force,1,
Crakull,2,,,,1
Crakull,3,,,,1
Crakull,4,,,,1
Crakull,5,,,,1
Crakull,6,,,,1
Crakull,7,,,,1
Cron_Drift,1,Rebel,Generate_Force,1,
Cron_Drift,2,Zsinj_Empire,Generate_Force,1,
Cron_Drift,3,Independent_Forces,Generate_Force,1,
Cron_Drift,4,,,,1
Cron_Drift,5,,,,1
Cron_Drift,6,,,,1
Cron_Drift,7,,,,1
Crustai,1,Chiss,Generate_Force,1,
Crustai,2,,,,1
Crustai,3,,,,1
Crustai,4,,,,1
Crustai,5,,,,1
Crustai,6,,,,1
Crustai,7,,,,1
Csaus,1,Chiss,Generate_Force,1,
Csaus,2,,,,1
Csaus,3,,,,1
Csaus,4,,,,1
Csaus,5,,,,1
Csaus,6,,,,1
Csaus,7,,,,1
Csilla,1,Chiss,Generate_Force,1,
Csilla,2,,,,1
Csilla,3,,,,1
Csilla,4,,,,1
Csilla,5,,,,1
Csilla,6,,,,1
Csilla,7,,,,1
Cularin,1,Empire,Generate_Force,1,
Cularin,2,Rebel,Generate_Force,1,
Cularin,3,,,,2
Cularin,4,,,,2
Cularin,5,,,,2
Cularin,6,,,,2
Cularin,7,,,,2
Da_Soocha,1,Hutt_Cartels,Generate_Force,1,
Da_Soocha,2,,,,1
Da_Soocha,3,,,,1
Da_Soocha,4,Rebel,Generate_Force,1,
Dagary_Minor,1,Empire,Generate_Force,1,
Dagary_Minor,2,Rebel,Generate_Force,1,
Dagary_Minor,3,,,,2
Dagary_Minor,4,,,,2
Dagary_Minor,5,,,,2
Dagary_Minor,6,,,,2
Dagary_Minor,7,,,,2
Dalron,1,Empire,Generate_Force,1,
Dalron,2,,,,1
Dalron,3,,,,1
Dalron,4,Rebel,Generate_Force,1,
Dalron,5,,,,1
Dalron,6,,,,1
Dalron,7,,,,1
Daluuj,1,Hutt_Cartels,Generate_Force,1,
Daluuj,2,,,,1
Daluuj,3,,,,1
Daluuj,4,,,,1
Daluuj,5,,,,1
Daluuj,6,,,,1
Daluuj,7,,,,1
Dantooine,1,Pentastar,Generate_Force,1,
Dantooine,2,,,,1
Dantooine,3,,,,1
Dantooine,4,,,,1
Dantooine,5,,,,1
Dantooine,6,,,,1
Dantooine,7,Empire,Generate_Force,1,
Danuta,1,Greater_Maldrood,Generate_Force,1,
Danuta,2,,,,1
Danuta,3,Rebel,Generate_Force,1,
Danuta,4,,,,3
Danuta,5,,,,3
Danuta,6,,,,3
Danuta,7,,,,3
Darkon,1,Empire,Generate_Force,1,
Darkon,2,,,,1
Darkon,3,,,,1
Darkon,4,,,,1
Darkon,5,,,,1
Darkon,6,,,,1
Darkon,7,,,,1
Datar,1,Empire,Generate_Force,1,
Datar,2,Rebel,Generate_Force,1,
Datar,3,,,,2
Datar,4,,,,2
Datar,5,,,,1
Datar,6,,,,2
Datar,7,,,,2
Dathomir,1,Zsinj_Empire,Generate_Force,1,
Dathomir,1,Zsinj_Empire,Rancor_Base,1,
Dathomir,2,,,,1
Dathomir,3,Rebel,Generate_Force,1,
Dathomir,4,,,,3
Dathomir,5,,,,3
Dathomir,6,,,,3
Dathomir,7,,,,3
Deko_Neimoidia,1,Empire,Generate_Force,1,
Deko_Neimoidia,2,,,,1
Deko_Neimoidia,3,,,,1
Deko_Neimoidia,4,Rebel,Generate_Force,1,
Deko_Neimoidia,5,,,,4
Deko_Neimoidia,6,,,,4
Deko_Neimoidia,7,,,,4
Delacrix,1,Hutt_Cartels,Generate_Force,1,
Delacrix,2,,,,1
Delacrix,3,,,,1
Delacrix,4,,,,1
Delacrix,5,,,,1
Delacrix,6,,,,1
Delacrix,7,,,,1
Dellalt,1,Empire,Generate_Force,1,
Dellalt,2,Zsinj_Empire,Generate_Force,1,
Dellalt,3,Independent_Forces,Generate_Force,1,
Dellalt,4,,,,3
Dellalt,5,,,,3
Dellalt,6,,,,3
Dellalt,7,,,,3
Denon,1,Empire,Generate_Force,1,
Denon,2,,,,1
Denon,3,Rebel,Generate_Force,1,
Denon,4,,,,3
Denon,5,,,,3
Denon,6,,,,3
Denon,7,,,,3
Derra,1,Empire,Generate_Force,1,
Derra,2,Rebel,Generate_Force,1,
Derra,3,,,,2
Derra,4,,,,2
Derra,5,,,,2
Derra,6,,,,2
Derra,7,,,,2
Desevro,1,Zsinj_Empire,Generate_Force,1,
Desevro,2,,,,1
Desevro,3,Rebel,Generate_Force,1,
Desevro,4,,,,3
Desevro,5,,,,3
Desevro,6,,,,3
Desevro,7,,,,3
Devaron,1,Empire,Generate_Force,1,
Devaron,2,,,,1
Devaron,3,Independent_Forces,Generate_Force,1,
Devaron,4,,,,3
Devaron,5,,,,3
Devaron,6,,,,3
Devaron,7,,,,3
Dioya,1,Chiss,Generate_Force,1,
Dioya,2,,,,1
Dioya,3,,,,1
Dioya,4,,,,1
Dioya,5,,,,1
Dioya,6,,,,1
Dioya,7,,,,1
Dkee,1,SsiRuuvi_Imperium,Generate_Force,1,
Dkee,2,,,,1
Dkee,3,,,,1
Dkee,4,,,,1
Dkee,5,,,,1
Dkee,6,,,,1
Dkee,7,,,,1
Dolomar,1,Rebel,Generate_Force,1,
Dolomar,2,,,,1
Dolomar,3,,,,1
Dolomar,4,,,,1
Dolomar,5,,,,1
Dolomar,6,,,,1
Dolomar,7,,,,1
Doniphon,1,Zsinj_Empire,Generate_Force,1,
Doniphon,2,,,,1
Doniphon,3,Empire,Generate_Force,1,
Doniphon,4,,,,3
Doniphon,5,,,,3
Doniphon,6,Rebel,Generate_Force,1,
Doniphon,7,,,,6
Doornik,1,Yevetha,Generate_Force,1,
Doornik,2,,,,1
Doornik,3,,,,1
Doornik,4,,,,1
Doornik,5,,,,1
Doornik,6,,,,1
Doornik,7,,,,1
Druckenwell,1,Empire,Generate_Force,1,
Druckenwell,2,Rebel,Generate_Force,1,
Druckenwell,3,,,,2
Druckenwell,4,,,,2
Druckenwell,5,,,,2
Druckenwell,6,,,,2
Druckenwell,7,,,,2
Dubrillion,1,Pentastar,Generate_Force,1,
Dubrillion,2,,,,1
Dubrillion,3,,,,1
Dubrillion,4,,,,1
Dubrillion,5,,,,1
Dubrillion,6,,,,1
Dubrillion,7,Empire,Generate_Force,1,
Durace,1,Independent_Forces,Generate_Force,1,
Durace,2,,,,1
Durace,3,,,,1
Durace,4,,,,1
Durace,5,,,,1
Durace,6,,,,1
Durace,7,,,,1
Duro,1,Empire,Generate_Force,1,
Duro,2,,,,1
Duro,3,Rebel,Generate_Force,1,
Duro,4,,,,3
Duro,5,,,,3
Duro,6,,,,3
Duro,7,,,,3
Durren,1,Greater_Maldrood,Generate_Force,1,
Durren,2,,,,1
Durren,3,Rebel,Generate_Force,1,
Durren,4,,,,3
Durren,5,Empire,Generate_Force,1,
Durren,6,,,,3
Durren,7,,,,3
Dxun,1,Empire,Generate_Force,1,
Dxun,2,,,,1
Dxun,3,Rebel,Generate_Force,1,
Dxun,4,,,,3
Dxun,5,,,,3
Dxun,6,,,,3
Dxun,7,,,,3
Ebaq,1,Empire,Generate_Force,1,
Ebaq,2,,,,1
Ebaq,3,,,,1
Ebaq,4,,,,1
Eiattu,1,Eriadu_Authority,Generate_Force,1,
Eiattu,2,Rebel,Generate_Force,1,
Eiattu,3,,,,2
Eiattu,4,,,,2
Eiattu,5,,,,2
Eiattu,6,,,,2
Eiattu,7,,,,2
Elom,1,Zsinj_Empire,Generate_Force,1,
Elom,2,,,,1
Elom,3,Rebel,Generate_Force,1,
Elom,4,,,,3
Elom,5,,,,3
Elom,6,,,,3
Elom,7,,,,3
Elrood,1,Warlords,Generate_Force,1,
Elrood,2,Rebel,Generate_Force,1,
Elrood,3,,,,2
Elrood,4,,,,2
Elrood,5,,,,2
Elrood,6,,,,2
Elrood,7,,,,2
Emberlene,1,Independent_Forces,Generate_Force,1,
Emberlene,2,,,,1
Emberlene,3,,,,1
Emberlene,4,,,,1
Emberlene,5,,,,1
Emberlene,6,,,,1
Emberlene,7,,,,1
Emmer,1,Empire,Generate_Force,1,
Emmer,2,Zsinj_Empire,Generate_Force,1,
Emmer,3,Rebel,Generate_Force,1,
Emmer,4,,,,3
Emmer,5,,,,3
Emmer,6,,,,3
Emmer,7,,,,3
Empress_Teta,1,Empire,Generate_Force,1,
Empress_Teta,2,,,,1
Empress_Teta,3,,,,1
Empress_Teta,4,,,,1
Empress_Teta,5,,,,1
Empress_Teta,6,Warlords,Generate_Force,1,
Empress_Teta,7,Rebel,Generate_Force,1,
Enarc,1,Corporate_Sector,Generate_Force,1,
Enarc,2,,,,1
Enarc,3,,,,1
Enarc,4,,,,1
Enarc,5,,,,1
Enarc,6,,,,1
Enarc,7,,,,1
Endor,1,Rebel,Generate_Force,1,
Endor,2,,,,1
Endor,3,,,,1
Endor,4,,,,1
Endor,5,,,,1
Endor,6,,,,1
Endor,7,,,,1
Entralla,1,Pentastar,Generate_Force,1,
Entralla,1,Pentastar,PA_Capital,1,
Entralla,2,,,,1
Entralla,3,,,,1
Entralla,4,,,,1
Entralla,5,,,,1
Entralla,6,,,,1
Entralla,7,Empire,Generate_Force,1,
EolSha,1,Independent_Forces,Generate_Force,1,
Eres,1,Empire,Generate_Force,1,
Eres,2,Zsinj_Empire,Generate_Force,1,
Eres,3,Rebel,Generate_Force,1,
Eres,4,,,,3
Eres,5,,,,1
Eres,5,,,,1
Eres,6,,,,3
Eres,7,,,,3
Eriadu,1,Eriadu_Authority,Generate_Force,1,
Eriadu,1,Eriadu_Authority,Eriadu_Capital,1,
Eriadu,2,Warlords,Generate_Force,1,
Eriadu,3,,,,2
Eriadu,4,,,,2
Eriadu,5,Rebel,Generate_Force,1,
Eriadu,6,,,,5
Eriadu,7,,,,5
Esfandia,1,Rebel,Generate_Force,1,
Esfandia,2,,,,1
Esfandia,3,,,,1
Esfandia,4,,,,1
Esfandia,5,,,,1
Esfandia,6,,,,1
Esfandia,7,,,,1
Essien,1,Empire,Generate_Force,1,
Essien,2,,,,1
Essien,3,Rebel,Generate_Force,1,
Essien,4,,,,3
Essien,5,,,,1
Essien,6,,,,1
Essien,7,,,,3
Ession,1,Corporate_Sector,Generate_Force,1,
Ession,2,Zsinj_Empire,Generate_Force,1,
Ession,3,,,,1
Ession,4,,,,1
Ession,5,,,,1
Ession,6,,,,1
Ession,7,,,,1
Etti,1,Corporate_Sector,Generate_Force,1,
Etti,1,Corporate_Sector,CSA_Capital,1,
Etti,2,Zsinj_Empire,Generate_Force,1,
Etti,3,,,,1
Etti,4,,,,1
Etti,5,,,,1
Etti,6,,,,1
Etti,7,,,,1
Euceron,1,Greater_Maldrood,Generate_Force,1,
Euceron,2,,,,1
Euceron,3,Rebel,Generate_Force,1,
Euceron,4,,,,3
Euceron,5,,,,3
Euceron,6,,,,3
Euceron,7,,,,3
Exocron,1,Independent_Forces,Generate_Force,1,
Exocron,2,,,,1
Exocron,3,,,,1
Exocron,4,Rebel,Generate_Force,1,
Exocron,5,,,,4
Exocron,6,,,,4
Exocron,7,,,,4
Exodeen,1,Empire,Generate_Force,1,
Exodeen,2,,,,1
Exodeen,3,,,,1
Exodeen,4,Rebel,Generate_Force,1,
Exodeen,5,,,,4
Exodeen,6,,,,4
Exodeen,7,,,,4
Exodo,1,Greater_Maldrood,Generate_Force,1,
Exodo,2,,,,1
Exodo,3,Rebel,Generate_Force,1,
Exodo,4,,,,3
Exodo,5,Empire,Generate_Force,1,
Exodo,6,,,,3
Exodo,7,,,,3
Explume_Minor,1,Independent_Forces,Generate_Force,1,
Explume_Minor,2,,,,1
Explume_Minor,3,,,,1
Explume_Minor,4,,,,1
Explume_Minor,5,,,,1
Explume_Minor,6,,,,1
Explume_Minor,7,,,,1
Falleen,1,Empire,Generate_Force,1,
Falleen,2,,,,1
Falleen,3,Independent_Forces,Generate_Force,1,
Falleen,4,,,,3
Falleen,5,,,,3
Falleen,6,,,,3
Falleen,7,,,,3
Faras_Belt,1,Zsinj_Empire,Generate_Force,1,
Faras_Belt,2,Zsinj_Empire,,,1
Farrfin,1,Empire,Generate_Force,1,
Farrfin,2,,,,1
Farrfin,3,Rebel,Generate_Force,1,
Farrfin,4,,,,3
Farrfin,5,,,,3
Farrfin,6,,,,3
Farrfin,7,,,,3
Felucia,1,Zsinj_Empire,Generate_Force,1,
Felucia,2,,,,1
Felucia,3,Greater_Maldrood,Generate_Force,1,
Felucia,4,,,,3
Felucia,5,Rebel,Generate_Force,1,
Felucia,6,,,,5
Felucia,7,,,,5
Feriae_Junction,1,Zsinj_Empire,Generate_Force,1,
Feriae_Junction,2,,,,1
Feriae_Junction,3,Empire,Generate_Force,1,
Feriae_Junction,4,,,,3
Feriae_Junction,5,,,,3
Feriae_Junction,6,,,,3
Feriae_Junction,7,,,,3
Filve,1,Rebel,Generate_Force,1,
Filve,2,,,,1
Filve,3,,,,1
Filve,4,,,,1
Filve,5,,,,1
Filve,6,,,,1
Filve,7,,,,1
Florn,1,Rebel,Generate_Force,1,
Florn,2,,,,1
Florn,3,,,,1
Florn,4,,,,1
Florn,5,,,,1
Florn,6,,,,1
Florn,7,,,,1
Foless,1,Corellia,Generate_Force,1,
Foless,2,,,,1
Foless,3,,,,1
Foless,4,,,,1
Foless,5,,,,1
Foless,6,,,,1
Foless,7,,,,1
Fondor,1,Empire,Generate_Force,1,
Fondor,2,Rebel,Generate_Force,1,
Fondor,3,,,,2
Fondor,4,,,,2
Fondor,5,,,,2
Fondor,6,,,,2
Fondor,7,,,,2
Formos,1,Empire,Generate_Force,1,
Formos,2,,,,1
Formos,3,,,,1
Formos,4,Rebel,Generate_Force,1,
Formos,5,,,,4
Formos,6,,,,4
Formos,7,,,,4
Fresia,1,Empire,Generate_Force,1,
Fresia,2,,,,1
Fresia,3,Rebel,Generate_Force,1,
Fresia,4,,,,3
Fresia,5,,,,3
Fresia,6,,,,3
Fresia,7,,,,3
Frunchettan,1,Independent_Forces,Generate_Force,1,
Frunchettan,2,,,,1
Frunchettan,3,,,,1
Frunchettan,4,,,,1
Frunchettan,5,,,,1
Frunchettan,6,,,,1
Frunchettan,7,,,,1
Fwsen,1,SsiRuuvi_Imperium,Generate_Force,1,
Fwsen,2,,,,1
Fwsen,3,,,,1
Fwsen,4,,,,1
Fwsen,5,,,,1
Fwsen,6,,,,1
Fwsen,7,,,,1
Gabredor,1,Pentastar,Generate_Force,1,
Gabredor,2,,,,1
Gabredor,3,,,,1
Gabredor,4,,,,1
Gabredor,5,,,,1
Gabredor,6,,,,1
Gabredor,7,Empire,Generate_Force,1,
Galantos,1,Empire,Generate_Force,1,
Galantos,2,,,,1
Galantos,3,Rebel,NewRepublic_Star_Base_2,1,
Galantos,4,,,,3
Galantos,5,,,,3
Galantos,6,,,,3
Galantos,7,,,,3
Galidraan,1,Zsinj_Empire,Generate_Force,1,
Galidraan,2,,,,1
Galidraan,3,Greater_Maldrood,Generate_Force,1,
Galidraan,4,,,,3
Galidraan,5,Empire,Generate_Force,1,
Galidraan,6,Rebel,Generate_Force,1,
Galidraan,7,,,,6
Gallinore,1,Hapes_Consortium,Generate_Force,1,
Gallinore,2,,,,1
Gallinore,3,,,,1
Gallinore,4,,,,1
Gallinore,5,,,,1
Gallinore,6,,,,1
Gallinore,7,,,,1
Gamorr,1,Hutt_Cartels,Generate_Force,1,
Gamorr,2,,,,1
Gamorr,3,,,,1
Gamorr,4,,,,1
Gamorr,5,,,,1
Gamorr,6,,,,1
Gamorr,7,,,,1
Ganath,1,Hutt_Cartels,Generate_Force,1,
Ganath,2,,,,1
Ganath,3,,,,1
Ganath,4,,,,1
Ganath,5,,,,1
Ganath,6,,,,1
Ganath,7,,,,1
Gannaria,1,Independent_Forces,Generate_Force,1,
Gannaria,2,,,,1
Gannaria,3,,,,1
Gannaria,4,,,,1
Gannaria,5,,,,1
Gannaria,6,,,,1
Gannaria,7,,,,1
Garos,1,Empire,Generate_Force,1,
Garos,2,Zsinj_Empire,Generate_Force,1,
Garos,3,Rebel,Generate_Force,1,
Garos,4,,,,3
Garos,5,,,,3
Garos,6,,,,3
Garos,7,,,,3
Garqi,1,Pentastar,Generate_Force,1,
Garqi,2,,,,1
Garqi,3,,,,1
Garqi,4,,,,1
Garqi,5,,,,1
Garqi,6,,,,1
Garqi,7,Empire,Generate_Force,1,
Gavryn,1,Greater_Maldrood,Generate_Force,1,
Gavryn,2,Zsinj_Empire,Generate_Force,1,
Gavryn,3,Rebel,Generate_Force,1,
Gavryn,4,,,,3
Gavryn,5,,,,3
Gavryn,6,,,,3
Gavryn,7,,,,3
Gelgelar,1,Independent_Forces,Generate_Force,1,
Gelgelar,2,,,,1
Gelgelar,3,,,,1
Gelgelar,4,,,,1
Gelgelar,5,,,,1
Gelgelar,6,,,,1
Gelgelar,7,,,,1
Gendrah_Narvin,1,Rebel,Generate_Force,1,
Gendrah_Narvin,2,,,,1
Gendrah_Narvin,3,,,,1
Gendrah_Narvin,4,,,,1
Gendrah_Narvin,5,,,,1
Gendrah_Narvin,6,,,,1
Gendrah_Narvin,7,,,,1
Generis,1,Pentastar,Generate_Force,1,
Generis,2,Rebel,Generate_Force,1,
Generis,3,,,,2
Generis,4,Empire,Generate_Force,1,
Generis,5,,,,4
Generis,6,,,,4
Generis,7,,,,4
Genon,1,Hutt_Cartels,Generate_Force,1,
Genon,2,,,,1
Genon,3,,,,1
Genon,4,,,,1
Genon,5,,,,1
Genon,6,,,,1
Genon,7,,,,1
Geonosis,1,Independent_Forces,Generate_Force,1,
Geonosis,2,,,,1
Geonosis,3,,,,1
Geonosis,4,,,,1
Geonosis,5,,,,1
Geonosis,6,,,,1
Geonosis,7,,,,1
Geroon,1,Independent_Forces,Generate_Force,1,
Geroon,2,,,,1
Geroon,3,,,,1
Geroon,4,,,,1
Geroon,5,,,,1
Geroon,6,,,,1
Geroon,7,,,,1
Gestrex,1,Empire,Generate_Force,1,
Gestrex,2,,,,1
Gestrex,3,,,,1
Gestrex,4,,,,1
Gestrex,5,,,,1
Gestrex,6,,,,1
Gestrex,7,Rebel,Generate_Force,1,
Gestron,1,Greater_Maldrood,Generate_Force,1,
Gestron,2,,,,1
Gestron,3,Empire,Generate_Force,1,
Gestron,4,Rebel,Generate_Force,1,
Gestron,5,,,,4
Gestron,6,,,,4
Gestron,7,,,,4
Ghorman,1,Rebel,Generate_Force,1,
Ghorman,2,,,,1
Ghorman,3,,,,1
Ghorman,4,,,,1
Ghorman,5,,,,1
Ghorman,6,,,,1
Ghorman,7,,,,1
Gizer,1,Empire,Generate_Force,1,
Gizer,2,Rebel,Generate_Force,1,
Gizer,3,,,,2
Gizer,4,,,,2
Gizer,5,,,,2
Gizer,6,,,,2
Gizer,7,,,,2
Glee_Anselm,1,Empire,Generate_Force,1,
Glee_Anselm,2,,,,1
Glee_Anselm,3,,,,1
Glee_Anselm,4,Rebel,Generate_Force,1,
Glee_Anselm,5,,,,1
Glee_Anselm,6,,,,1
Glee_Anselm,7,,,,1
Glom_Tho,1,Warlords,Generate_Force,1,
Glom_Tho,2,Rebel,Generate_Force,1,
Glom_Tho,3,,,,2
Glom_Tho,4,,,,2
Glom_Tho,5,,,,2
Glom_Tho,6,,,,2
Glom_Tho,7,,,,2
Glova,1,Warlords,Generate_Force,1,
Glova,2,Rebel,Generate_Force,1,
Glova,3,,,,2
Glova,4,,,,2
Glova,5,,,,2
Glova,6,,,,2
Glova,7,,,,2
Gravan,1,Empire,Generate_Force,1,
Gravan,2,Rebel,Generate_Force,1,
Gravan,3,,,,2
Gravan,4,,,,2
Gravan,5,,,,2
Gravan,6,,,,2
Gravan,7,,,,2
Gravlex_Med,1,Pentastar,Generate_Force,1,
Gravlex_Med,2,,,,1
Gravlex_Med,3,,,,1
Gravlex_Med,4,,,,1
Gravlex_Med,5,,,,1
Gravlex_Med,6,,,,1
Gravlex_Med,7,Empire,Generate_Force,1,
Grho,1,SsiRuuvi_Imperium,Generate_Force,1,
Grho,2,Rebel,Generate_Force,1,
Grho,3,,,,1
Grho,4,,,,1
Grho,5,,,,1
Grho,6,,,,1
Grho,7,,,,1
Gymelo,1,Independent_Forces,Generate_Force,1,
Gymelo,2,SsiRuuvi_Imperium,Generate_Force,1,
Gymelo,3,,,,2
Gymelo,4,,,,2
Gymelo,5,,,,2
Gymelo,6,,,,2
Gymelo,7,,,,2
Gyndine,1,Empire,Generate_Force,1,
Gyndine,2,,,,1
Gyndine,3,Rebel,Generate_Force,1,
Gyndine,4,,,,3
Gyndine,5,,,,3
Gyndine,6,,,,3
Gyndine,7,,,,3
Hakassi,1,Greater_Maldrood,Generate_Force,1,
Hakassi,2,,,,1
Hakassi,3,,,,1
Hakassi,4,,,,1
Hakassi,5,,,,1
Hakassi,6,,,,1
Hakassi,7,Empire,Generate_Force,1,
Halanit,1,Empire,Generate_Force,1,
Halanit,2,,,,1
Halmad,1,Zsinj_Empire,Generate_Force,1,
Halmad,2,,,,1
Halmad,3,Empire,Generate_Force,1,
Halmad,4,,,,3
Halmad,5,,,,3
Halmad,6,,,,3
Halmad,7,,,,3
Halthor,1,Empire,Generate_Force,1,
Halthor,2,,,,1
Halthor,3,Rebel,Generate_Force,1,
Halthor,4,,,,3
Halthor,5,,,,1
Halthor,6,,,,1
Halthor,7,,,,1
Handooine,1,Empire,Generate_Force,1,
Handooine,2,,,,1
Handooine,3,,,,1
Handooine,4,Rebel,Generate_Force,1,
Handooine,5,,,,4
Handooine,6,,,,4
Handooine,7,,,,4
Hapes,1,Hapes_Consortium,Generate_Force,1,
Hapes,1,Hapes_Consortium,Hapan_Palace,1,
Hapes,2,,,,1
Hapes,3,,,,1
Hapes,4,,,,1
Hapes,5,,,,1
Hapes,6,,,,1
Hapes,7,,,,1
Hast,1,Warlords,Generate_Force,1,
Hast,2,Rebel,Generate_Force,1,
Hast,3,,,,2
Hast,4,,,,2
Hast,5,,,,2
Hast,6,,,,2
Hast,7,,,,2
Helska,1,Neutral,,,
Helska,2,Neutral,,,
Helska,3,Neutral,,,
Helska,4,Neutral,,,
Helska,5,Neutral,,,
Helska,6,Neutral,,,
Helska,7,Neutral,,,
Herdessa,1,Empire,Generate_Force,1,
Herdessa,2,Rebel,Generate_Force,1,
Herdessa,3,,,,2
Herdessa,4,,,,2
Herdessa,5,,,,2
Herdessa,6,,,,2
Herdessa,7,,,,2
Hewett,1,Empire,Generate_Force,1,
Hewett,2,,,,1
Hewett,3,,,,1
Hewett,4,,,,1
Hewett,5,,,,1
Hewett,6,Rebel,Generate_Force,1,
Hewett,7,,,,6
Hijarna,1,Empire,Generate_Force,1,
Hijarna,2,Independent_Forces,Generate_Force,1,
Hijarna,3,Rebel,Generate_Force,1,
Hijarna,4,,,,3
Hijarna,5,,,,2
Hijarna,6,,,,2
Hijarna,7,,,,2
Hollastin,1,Hutt_Cartels,Generate_Force,1,
Hollastin,2,,,,1
Hollastin,3,,,,1
Hollastin,4,,,,1
Hollastin,5,,,,1
Hollastin,6,,,,1
Hollastin,7,,,,1
Honoghr,1,Empire,Generate_Force,1,
Honoghr,2,,,,1
Honoghr,3,,,,1
Honoghr,4,Rebel,Generate_Force,1,
Honoghr,5,,,,4
Honoghr,6,,,,4
Honoghr,7,,,,4
Hoth,1,Empire,Generate_Force,1,
Hoth,2,,,,1
Hoth,6,Warlords,Generate_Force,1,
Hoth,7,Rebel,Generate_Force,1,
Hoxim,1,Independent_Forces,Generate_Force,1,
Hoxim,2,,,,1
Hoxim,3,,,,1
Hoxim,4,,,,1
Hoxim,5,,,,1
Hoxim,6,,,,1
Hoxim,7,,,,1
Humbarine,1,Empire,Generate_Force,1,
Humbarine,2,,,,1
Hypori,1,Warlords,Generate_Force,1,
Hypori,2,,,,1
Hypori,3,,,,1
Hypori,4,,,,1
Ilum,1,Empire,Generate_Force,1,
Ilum,2,,,,1
Ilum,3,,,,1
Ilum,4,,,,1
Ilum,5,,,,1
Ilum,6,Warlords,Generate_Force,1,
Ilum,7,,,,6
Iol,1,Independent_Forces,Generate_Force,1,
Iol,2,,,,1
Iol,3,,,,1
Iol,4,,,,1
Iol,5,,,,1
Iol,6,,,,1
Iol,7,,,,1
Iphigin,1,Empire,Generate_Force,1,
Iphigin,2,Warlords,Generate_Force,1,
Iphigin,3,Rebel,Generate_Force,1,
Iphigin,4,,,,3
Iphigin,5,,,,3
Iphigin,6,,,,3
Iphigin,7,,,,3
Iridonia,1,Empire,Generate_Force,1,
Iridonia,2,,,,1
Iridonia,3,,,,1
Iridonia,4,Rebel,Generate_Force,1,
Iridonia,5,,,,1
Iridonia,6,,,,1
Iridonia,7,,,,1
Iskadrell,1,Independent_Forces,Generate_Force,1,
Iskadrell,2,,,,1
Iskadrell,3,,,,1
Iskadrell,4,,,,1
Iskadrell,5,,,,1
Iskadrell,6,,,,1
Iskadrell,7,,,,1
Ithor,1,Rebel,Generate_Force,1,
Ithor,2,,,,1
Ithor,3,,,,1
Ithor,4,Empire,Generate_Force,1,
Ithor,5,,,,4
Ithor,6,,,,1
Ithor,7,,,,1
Ixtlar,1,Empire,Generate_Force,1,
Ixtlar,2,Rebel,Generate_Force,1,
Ixtlar,3,,,,2
Ixtlar,4,,,,2
Ixtlar,5,,,,2
Ixtlar,6,,,,2
Ixtlar,7,,,,2
Jabiim,1,Empire,Generate_Force,1,
Jabiim,2,,,,1
Jabiim,3,,,,1
Jabiim,4,Rebel,Generate_Force,1,
Jabiim,5,,,,4
Jabiim,6,,,,4
Jabiim,7,,,,4
Jaemus,1,Pentastar,Generate_Force,1,
Jaemus,2,,,,1
Jaemus,3,,,,1
Jaemus,4,,,,1
Jaemus,5,,,,1
Jaemus,6,,,,1
Jaemus,7,Empire,Generate_Force,1,
Jaminere,1,Empire,Generate_Force,1,
Jaminere,2,Zsinj_Empire,Generate_Force,1,
Jaminere,3,Warlords,Generate_Force,1,
Jaminere,4,,,,3
Jaminere,5,,,,3
Jaminere,6,,,,3
Jaminere,7,,,,3
Jardeen,1,Warlords,Generate_Force,1,
Jardeen,2,,,,1
Jardeen,3,Rebel,Generate_Force,1,
Jardeen,4,,,,3
Jardeen,5,,,,3
Jardeen,6,,,,3
Jardeen,7,,,,3
Jazbina,1,Empire,Generate_Force,1,
Jazbina,2,Zsinj_Empire,Generate_Force,1,
Jazbina,3,Rebel,Generate_Force,1,
Jazbina,4,,,,1
Jazbina,5,,,,3
Jazbina,6,,,,3
Jazbina,7,,,,3
Jebble,1,Zsinj_Empire,Generate_Force,1,
Jebble,2,,,,1
Jebble,3,Empire,Generate_Force,1,
Jebble,4,Rebel,Generate_Force,1,
Jebble,5,,,,3
Jebble,6,,,,4
Jebble,7,,,,4
Jestan,1,Empire,Generate_Force,1,
Jestan,2,Rebel,Generate_Force,1,
Jestan,3,,,,2
Jestan,4,,,,1
Jestan,5,,,,1
Jestan,6,,,,2
Jestan,7,,,,2
Jomark,4,Rebel,Generate_Force,1,
Jomark,5,,,,4
Jomark,6,,,,4
Jomark,7,,,,4
Jtptan,1,Yevetha,Generate_Force,1,
Jtptan,2,,,,1
Jtptan,3,,,,1
Jtptan,4,,,,1
Jtptan,5,,,,1
Jtptan,6,,,,1
Jtptan,7,,,,1
Kaal,1,Warlords,Generate_Force,1,
Kaal,2,,,,1
Kaal,3,,,,1
Kaal,4,,,,1
Kaal,5,Rebel,Generate_Force,1,
Kaal,6,,,,5
Kaal,7,,,,5
Kabal,1,Eriadu_Authority,Generate_Force,1,
Kabal,2,Rebel,Generate_Force,1,
Kabal,3,,,,2
Kabal,4,Empire,Generate_Force,1,
Kabal,5,,,,2
Kabal,6,,,,2
Kabal,7,,,,2
Kaikielius,1,Warlords,Generate_Force,1,
Kaikielius,2,,,,1
Kaikielius,3,,,,1
Kaikielius,4,Empire,Generate_Force,1,
Kaikielius,5,,,,4
Kaikielius,6,,,,1
Kaikielius,7,Rebel,Generate_Force,1,
Kalaan,1,Empire,Generate_Force,1,
Kalaan,2,,,,1
Kalaan,3,,,,1
Kalaan,4,Rebel,Generate_Force,1,
Kalaan,5,,,,1
Kalaan,6,,,,1
Kalaan,7,,,,1
Kalarba,1,Empire,Generate_Force,1,
Kalarba,2,Rebel,Generate_Force,1,
Kalarba,3,,,,2
Kalarba,4,,,,2
Kalarba,5,,,,2
Kalarba,6,,,,2
Kalarba,7,,,,2
Kalee,1,Pentastar,Generate_Force,1,
Kalee,2,,,,1
Kalee,3,,,,1
Kalee,4,,,,1
Kalee,5,,,,1
Kalee,6,,,,1
Kalee,7,Empire,Generate_Force,1,
Kalinda,1,Independent_Forces,Generate_Force,1,
Kalinda,2,,,,1
Kalinda,3,,,,1
Kalinda,4,,,,1
Kalinda,5,,,,1
Kalinda,6,,,,1
Kalinda,7,,,,1
Kalist,1,Empire,Generate_Force,1,
Kalist,2,Warlords,Generate_Force,1,
Kalist,3,,,,2
Kalist,4,,,,1
Kalist,5,,,,2
Kalist,6,,,,2
Kalist,7,Rebel,Generate_Force,1,
Kalla,1,Corporate_Sector,Generate_Force,1,
Kalla,2,Zsinj_Empire,Generate_Force,1,
Kalla,3,,,,1
Kalla,4,,,,1
Kalla,5,,,,1
Kalla,6,,,,1
Kalla,7,,,,1
Kamino,1,Independent_Forces,Generate_Force,1,
Kamino,2,,,,1
Kamino,3,,,,1
Kamino,4,,,,1
Kamino,5,,,,1
Kamino,6,,,,1
Kamino,7,,,,1
Kammia,1,SsiRuuvi_Imperium,Generate_Force,1,
Kammia,2,Rebel,Generate_Force,1,
Kammia,3,,,,1
Kammia,4,,,,1
Kammia,5,,,,1
Kammia,6,,,,1
Kammia,7,,,,1
Kampe,1,Eriadu_Authority,Generate_Force,1,
Kampe,2,Eriadu_Authority,Eriadu_Capital,1,
Kampe,2,Eriadu_Authority,Generate_Force,1,
Kampe,3,,,,2
Kampe,4,,,,2
Kampe,5,,,,2
Kampe,6,,,,2
Kampe,7,Empire,Generate_Force,1,
Kariek,1,Independent_Forces,Generate_Force,1,
Kariek,2,,,,1
Kariek,3,,,,1
Kariek,4,,,,1
Kariek,5,,,,1
Kariek,6,,,,1
Kariek,7,,,,1
Kashyyyk,1,Empire,Generate_Force,1,
Kashyyyk,2,Rebel,Generate_Force,1,
Kashyyyk,3,,,,2
Kashyyyk,4,,,,2
Kashyyyk,5,,,,2
Kashyyyk,6,,,,2
Kashyyyk,7,,,,2
Katana_Space,1,Warlords,Generate_Force,1,
Katana_Space,2,,,,1
Katana_Space,3,,,,1
Kattada,1,Empire,Generate_Force,1,
Kattada,2,Rebel,Generate_Force,1,
Kattada,3,,,,2
Kattada,4,,,,2
Kattada,5,,,,2
Kattada,6,,,,2
Kattada,7,,,,2
Kauron,1,Zsinj_Empire,Generate_Force,1,
Kauron,2,,,,1
Kauron,3,Warlords,Generate_Force,1,
Kauron,4,,,,3
Kauron,5,,,,3
Kauron,6,,,,3
Kauron,7,,,,3
Kayri,1,Independent_Forces,Generate_Force,1,
Kayri,2,,,,1
Kayri,3,,,,1
Kayri,4,,,,1
Kayri,5,,,,1
Kayri,6,,,,1
Kayri,7,,,,1
Kem_Stor_Ai,1,Warlords,Generate_Force,1,
Kem_Stor_Ai,2,,,,1
Kem_Stor_Ai,3,,,,1
Kem_Stor_Ai,4,,,,1
Kem_Stor_Ai,5,,,,1
Kem_Stor_Ai,6,,,,1
Kem_Stor_Ai,7,,,,1
Keskin,1,Empire,Generate_Force,1,
Keskin,2,Rebel,Generate_Force,1,
Keskin,3,,,,2
Keskin,4,,,,2
Keskin,5,,,,2
Keskin,6,,,,2
Keskin,7,,,,2
Kessel,1,Warlords,Generate_Force,1,
Kessel,2,,,,1
Kessel,3,,,,1
Kessel,4,,,,1
Kessel,5,,,,1
Kessel,6,,,,1
Kessel,7,Rebel,Generate_Force,1,
Ketal,1,Empire,Generate_Force,1,
Ketal,2,Rebel,Generate_Force,1,
Ketal,3,,,,2
Ketal,4,,,,2
Ketal,5,,,,2
Ketal,6,,,,2
Ketal,7,,,,2
Ketaris,1,Warlords,Generate_Force,1,
Ketaris,2,,,,1
Ketaris,3,Rebel,Generate_Force,1,
Ketaris,4,,,,3
Ketaris,5,Empire,Generate_Force,1,
Ketaris,6,,,,5
Ketaris,7,,,,5
Khomm,1,Empire,Generate_Force,1,
Khomm,2,Warlords,Generate_Force,1,
Khomm,3,,,,2
Khomm,4,,,,1
Khomm,5,,,,2
Khomm,6,,,,2
Khomm,7,,,,2
Kile,1,Empire,Generate_Force,1,
Kile,2,Rebel,Generate_Force,1,
Kile,3,,,,2
Kile,4,,,,1
Kile,5,,,,2
Kile,6,,,,2
Kile,7,,,,2
Kilji,1,Independent_Forces,Generate_Force,1,
Kilji,2,,,,1
Kilji,3,,,,1
Kilji,4,,,,1
Kilji,5,,,,1
Kilji,6,,,,1
Kilji,7,,,,1
Kinoss,1,Chiss,Generate_Force,1,
Kinoss,2,,,,1
Kinoss,3,,,,1
Kinoss,4,,,,1
Kinoss,5,,,,1
Kinoss,6,,,,1
Kinoss,7,,,,1
Kirima,1,Empire,Generate_Force,1,
Kirima,2,,,,1
Kirima,3,,,,1
Kirima,4,Rebel,Generate_Force,1,
Kirima,5,,,,4
Kirima,6,,,,4
Kirima,7,,,,4
Klatooine,1,Hutt_Cartels,Generate_Force,1,
Klatooine,2,,,,1
Klatooine,3,,,,1
Klatooine,4,,,,1
Klatooine,5,,,,1
Klatooine,6,,,,1
Klatooine,7,,,,1
Kooriva,1,Empire,Generate_Force,1,
Kooriva,2,Rebel,Generate_Force,1,
Kooriva,3,,,,2
Kooriva,4,,,,2
Kooriva,5,,,,2
Kooriva,6,,,,2
Kooriva,7,,,,2
Korda,1,Mandalorians,Generate_Force,1,
Korda,2,,,,1
Korda,3,,,,1
Korda,4,,,,1
Korda,5,,,,1
Korda,6,,,,1
Korda,7,,,,1
Korriban,1,Empire,Generate_Force,1,
Korriban,2,,,,1
Korriban,3,,,,1
Korriban,4,,,,1
Korriban,5,,,,1
Korriban,6,,,,1
Korriban,7,,,,1
Koru_Neimoidia,1,Empire,Generate_Force,1,
Koru_Neimoidia,2,,,,1
Koru_Neimoidia,3,,,,1
Koru_Neimoidia,4,Rebel,Generate_Force,1,
Koru_Neimoidia,5,,,,4
Koru_Neimoidia,6,,,,4
Koru_Neimoidia,7,,,,4
Kostra,1,Empire,Generate_Force,1,
Kostra,2,Zsinj_Empire,Generate_Force,1,
Kostra,3,Independent_Forces,Generate_Force,1,
Kostra,4,Rebel,Generate_Force,1,
Kostra,5,,,,4
Kostra,6,,,,4
Kostra,7,,,,4
Kothlis,1,Rebel,Generate_Force,1,
Kothlis,2,,,,1
Kothlis,3,,,,1
Kothlis,4,,,,1
Kothlis,5,,,,1
Kothlis,6,,,,1
Kothlis,7,,,,1
Krant,1,Rebel,Generate_Force,1,
Krant,2,,,,1
Krant,3,,,,1
Krant,4,,,,1
Krant,5,,,,1
Krant,6,,,,1
Krant,7,,,,1
Kriselist,1,Warlords,Generate_Force,1,
Kriselist,2,Rebel,Generate_Force,1,
Kriselist,3,,,,2
Kriselist,4,,,,2
Kriselist,5,,,,2
Kriselist,6,,,,2
Kriselist,7,,,,2
Kuat,1,Empire,Generate_Force,1,
Kuat,2,,,,1
Kuat,3,Rebel,Generate_Force,1,
Kuat,4,,,,3
Kuat,5,,,,3
Kuat,6,,,,3
Kuat,7,,,,3
Kwenn,1,Hutt_Cartels,Generate_Force,1,
Kwenn,2,,,,1
Kwenn,3,,,,1
Kwenn,4,,,,1
Kwenn,5,,,,1
Kwenn,6,,,,1
Kwenn,7,,,,1
Lakra,1,Independent_Forces,Generate_Force,1,
Lakra,2,,,,1
Lakra,3,,,,1
Lakra,4,,,,1
Lakra,5,,,,1
Lakra,6,,,,1
Lakra,7,,,,1
Lantillies,1,Greater_Maldrood,Generate_Force,1,
Lantillies,2,Rebel,Generate_Force,1,
Lantillies,3,,,,2
Lantillies,4,,,,2
Lantillies,5,,,,2
Lantillies,6,,,,2
Lantillies,7,,,,2
Latharra,1,Hutt_Cartels,Generate_Force,1,
Latharra,2,,,,1
Latharra,3,,,,1
Latharra,4,,,,1
Latharra,5,,,,1
Latharra,6,,,,1
Latharra,7,,,,1
Levian,1,Rebel,Generate_Force,1,
Levian,2,,,,1
Levian,3,,,,1
Levian,4,,,,1
Levian,5,,,,1
Levian,6,,,,1
Levian,7,,,,1
Lianna,1,Warlords,Generate_Force,1,
Lianna,2,,,,1
Lianna,3,,,,1
Lianna,4,,,,1
Lianna,5,,,,1
Lianna,6,,,,1
Lianna,7,,,,1
Liinade,1,Empire,Generate_Force,1,
Liinade,2,Warlords,Generate_Force,1,
Liinade,3,,,,1
Liinade,4,Rebel,Generate_Force,1,
Liinade,5,,,,2
Liinade,6,,,,2
Liinade,7,Empire,,,1
Lizil,1,Killik_Hives,Generate_Force,1,
Lizil,2,,,,1
Lizil,3,,,,1
Lizil,4,,,,1
Lizil,5,,,,1
Lizil,6,,,,1
Lizil,7,,,,1
Llanic,1,Empire,Generate_Force,1,
Llanic,2,Rebel,Generate_Force,1,
Llanic,3,,,,2
Llanic,4,,,,2
Llanic,5,,,,2
Llanic,6,,,,2
Llanic,7,,,,2
Lok,1,Empire,Generate_Force,1,
Lok,2,Independent_Forces,Generate_Force,1,
Lok,3,,,,2
Lok,4,,,,2
Lok,5,,,,2
Lok,6,,,,2
Lok,7,,,,2
Lola_Sayu,1,Zsinj_Empire,Generate_Force,1,
Lola_Sayu,2,,,,1
Lola_Sayu,3,Rebel,Generate_Force,1,
Lola_Sayu,4,,,,3
Lola_Sayu,5,,,,3
Lola_Sayu,6,,,,3
Lola_Sayu,7,,,,3
Lonnaw,1,Empire,Generate_Force,1,
Lonnaw,2,,,,1
Lonnaw,3,,,,1
Lonnaw,4,Rebel,Generate_Force,1,
Lonnaw,5,,,,1
Lonnaw,6,,,,1
Lonnaw,7,,,,1
Loronar,1,Empire,Generate_Force,1,
Loronar,2,,,,1
Loronar,3,Rebel,Generate_Force,1,
Loronar,4,,,,3
Loronar,5,,,,3
Loronar,6,,,,3
Loronar,7,,,,3
Lown,1,Greater_Maldrood,Generate_Force,1,
Lown,2,,,,1
Lown,3,Empire,Generate_Force,1,
Lown,4,Warlords,Generate_Force,1,
Lown,5,,,,4
Lown,6,,,,4
Lown,7,,,,4
Lucazec,1,Zsinj_Empire,Generate_Force,1,
Lucazec,2,,,,1
Lucazec,3,Rebel,Generate_Force,1,
Lucazec,4,,,,3
Lucazec,5,Empire,Generate_Force,1,
Lucazec,6,,,,5
Lucazec,7,,,,5
Lwhekk,1,SsiRuuvi_Imperium,Generate_Force,1,
Lwhekk,2,,,,1
Lwhekk,3,,,,1
Lwhekk,4,,,,1
Lwhekk,5,,,,1
Lwhekk,6,,,,1
Lwhekk,7,,,,1
Lyran,1,Independent_Forces,Generate_Force,1,
Lyran,2,,,,1
Lyran,3,,,,1
Lyran,4,,,,1
Lyran,5,,,,1
Lyran,6,,,,1
Lyran,7,,,,1
M293,1,Zsinj_Empire,Generate_Force,1,
M293,2,,,,1
M293,3,Empire,Generate_Force,1,
M293,4,,,,3
M293,5,,,,3
M293,6,,,,3
M293,7,,,,3
Makatak,1,Independent_Forces,Generate_Force,1,
Makatak,2,,,,1
Makatak,3,,,,1
Makatak,4,,,,1
Makatak,5,,,,1
Makatak,6,,,,1
Makatak,7,,,,1
Makem_Te,1,Empire,Generate_Force,1,
Makem_Te,2,,,,1
Makem_Te,3,,,,1
Makem_Te,4,,,,1
Makem_Te,5,,,,1
Makem_Te,6,,,,1
Makem_Te,7,,,,1
Malastare,1,Empire,Generate_Force,1,
Malastare,2,,,,1
Malastare,3,Rebel,Generate_Force,1,
Malastare,4,,,,3
Malastare,5,,,,3
Malastare,6,,,,3
Malastare,7,,,,3
Maldra,1,Empire,Generate_Force,1,
Maldra,2,Independent_Forces,Generate_Force,1,
Maldra,3,,,,2
Maldra,4,,,,2
Maldra,5,,,,2
Maldra,6,,,,2
Maldra,7,,,,2
Manaan,1,Independent_Forces,Generate_Force,1,
Manaan,2,,,,1
Manaan,3,,,,1
Manaan,4,,,,1
Manaan,5,,,,1
Manaan,6,,,,1
Manaan,7,,,,1
Manda,1,Empire,Generate_Force,1,
Manda,2,,,,1
Manda,3,Rebel,Generate_Force,1,
Manda,4,,,,3
Manda,5,,,,3
Manda,6,,,,3
Manda,7,,,,3
Mandalore,1,Mandalorians,Generate_Force,1,
Mandalore,2,,,,1
Mandalore,3,,,,1
Mandalore,4,,,,1
Mandalore,5,,,,1
Mandalore,6,,,,1
Mandalore,7,,,,1
Maridun,1,Zsinj_Empire,Generate_Force,1,
Maridun,2,,,,1
Maridun,3,Rebel,Generate_Force,1,
Maridun,4,,,,3
Maridun,5,Empire,Generate_Force,1,
Maridun,6,,,,5
Maridun,7,,,,5
Maryo,1,Corporate_Sector,Generate_Force,1,
Maryo,2,Zsinj_Empire,Generate_Force,1,
Maryo,3,,,,1
Maryo,4,,,,1
Maryo,5,,,,1
Maryo,6,,,,1
Maryo,7,,,,1
Massoss,1,Chiss,Generate_Force,1,
Massoss,2,,,,1
Massoss,3,,,,1
Massoss,4,,,,1
Massoss,5,,,,1
Massoss,6,,,,1
Massoss,7,,,,1
Mephout,1,Independent_Forces,Generate_Force,1,
Mephout,2,,,,1
Mephout,3,,,,1
Mephout,4,,,,1
Mephout,5,,,,1
Mephout,6,,,,1
Mephout,7,,,,1
Metalorn,1,Greater_Maldrood,Generate_Force,1,
Metalorn,2,,,,1
Metalorn,3,Warlords,Generate_Force,1,
Metalorn,4,Empire,Generate_Force,1,
Metalorn,5,,,,4
Metalorn,6,,,,3
Metalorn,7,,,,3
Metellos,1,Empire,Generate_Force,1,
Metellos,2,,,,1
Metellos,3,Rebel,Generate_Force,1,
Metellos,4,,,,3
Metellos,5,,,,3
Metellos,6,,,,3
Metellos,7,,,,3
Mhaeli,1,Empire,Generate_Force,1,
Mhaeli,2,Rebel,Generate_Force,1,
Mhaeli,3,,,,2
Mhaeli,4,,,,2
Mhaeli,5,,,,2
Mhaeli,6,,,,2
Mhaeli,7,,,,2
Mimban,1,Empire,Generate_Force,1,
Mimban,2,,,,1
Mimban,3,Rebel,Generate_Force,1,
Mimban,4,,,,3
Mimban,5,,,,3
Mimban,6,,,,3
Mimban,7,,,,3
Mindor,1,Empire,Generate_Force,1,
Mindor,2,,,,1
Minntooine,1,Rebel,Generate_Force,1,
Minntooine,2,,,,1
Minntooine,3,,,,1
Minntooine,4,,,,1
Minntooine,5,,,,1
Minntooine,6,,,,1
Minntooine,7,,,,1
Miztoc,1,Warlords,Generate_Force,1,
Miztoc,2,,,,1
Miztoc,3,Rebel,Generate_Force,1,
Miztoc,4,,,,3
Miztoc,5,,,,3
Miztoc,6,,,,3
Miztoc,7,,,,3
Mon_Calamari,1,Rebel,Generate_Force,1,
Mon_Calamari,2,,,,1
Mon_Calamari,3,,,,1
Mon_Calamari,4,,,,1
Mon_Calamari,5,,,,1
Mon_Calamari,6,,,,1
Mon_Calamari,7,,,,1
Moonus_Mandel,1,Rebel,Generate_Force,1,
Moonus_Mandel,2,,,,1
Moonus_Mandel,3,,,,1
Moonus_Mandel,4,,,,1
Moonus_Mandel,5,,,,1
Moonus_Mandel,6,,,,1
Moonus_Mandel,7,,,,1
Moorja,1,Empire,Generate_Force,1,
Moorja,2,Rebel,Generate_Force,1,
Moorja,3,,,,2
Moorja,4,,,,2
Moorja,5,,,,2
Moorja,6,,,,2
Moorja,7,,,,2
Morishim,1,Pentastar,Generate_Force,1,
Morishim,2,,,,1
Morishim,3,,,,1
Morishim,4,,,,1
Morishim,5,,,,1
Morishim,5,,,,1
Morishim,6,,,,1
Morishim,7,Empire,Generate_Force,1,
Movris,1,Rebel,Generate_Force,1,
Movris,2,Empire,Generate_Force,1,
Movris,3,,,,2
Movris,4,,,,2
Movris,5,,,,2
Movris,6,,,,2
Movris,7,,,,2
Mrisst,1,Empire,Generate_Force,1,
Mrisst,2,,,,1
Mrisst,3,Rebel,Generate_Force,1,
Mrisst,4,,,,3
Mrisst,5,,,,3
Mrisst,6,,,,3
Mrisst,7,,,,3
Mrlsst,1,Empire,Generate_Force,1,
Mrlsst,2,,,,1
Mrlsst,3,Rebel,Generate_Force,1,
Mrlsst,4,,,,3
Mrlsst,5,,,,3
Mrlsst,6,,,,3
Mrlsst,7,,,,3
Mugg_Fallow,1,Independent_Forces,Generate_Force,1,
Mugg_Fallow,2,,,,1
Mugg_Fallow,3,,,,1
Mugg_Fallow,4,,,,1
Mugg_Fallow,5,,,,1
Mugg_Fallow,6,,,,1
Mugg_Fallow,7,,,,1
Mulatan,1,Hutt_Cartels,Generate_Force,1,
Mulatan,2,,,,1
Mulatan,3,,,,1
Mulatan,4,,,,1
Mulatan,5,,,,1
Mulatan,6,,,,1
Mulatan,7,,,,1
Mullan,1,Empire,Generate_Force,1,
Mullan,2,Zsinj_Empire,Generate_Force,1,
Mullan,3,Independent_Forces,Generate_Force,1,
Mullan,4,,,,3
Mullan,5,,,,3
Mullan,6,,,,3
Mullan,7,,,,3
Murgo,1,Killik_Hives,Generate_Force,1,
Murgo,2,,,,1
Murgo,3,,,,1
Murgo,4,,,,1
Murgo,5,,,,1
Murgo,6,,,,1
Murgo,7,,,,1
Murkhana,1,Independent_Forces,Generate_Force,1,
Murkhana,2,,,,1
Murkhana,3,,,,1
Murkhana,4,,,,1
Murkhana,5,,,,1
Murkhana,6,,,,1
Murkhana,7,,,,1
Mustafar,1,Warlords,Generate_Force,1,
Mustafar,2,,,,1
Mustafar,3,Rebel,Generate_Force,1,
Mustafar,4,,,,3
Mustafar,5,,,,1
Mustafar,6,,,,3
Mustafar,7,,,,3
Muunilinst,1,Pentastar,Generate_Force,1,
Muunilinst,2,,,,1
Muunilinst,3,,,,1
Muunilinst,4,,,,1
Muunilinst,5,,,,1
Muunilinst,6,,,,1
Muunilinst,7,Empire,Generate_Force,1,
Mygeeto,1,Pentastar,Generate_Force,1,
Mygeeto,2,,,,1
Mygeeto,3,,,,1
Mygeeto,4,,,,1
Mygeeto,5,,,,1
Mygeeto,6,,,,1
Mygeeto,7,Empire,Generate_Force,1,
Myrkr,1,Independent_Forces,Generate_Force,1,
Myrkr,2,,,,1
Myrkr,3,,,,1
Myrkr,4,Rebel,Generate_Force,1,
Myrkr,5,,,,1
Myrkr,6,,,,1
Myrkr,7,,,,1
Mytus,1,Empire,Generate_Force,1,
Mytus,2,Zsinj_Empire,Generate_Force,1,
Mytus,3,Corporate_Sector,Generate_Force,1,
Mytus,4,,,,3
Mytus,5,,,,3
Mytus,6,,,,3
Mytus,7,,,,3
Naboo,1,Empire,Generate_Force,1,
Naboo,2,,,,1
Naboo,3,Rebel,Generate_Force,1,
Naboo,4,,,,2
Naboo,5,,,,2
Naboo,6,,,,2
Naboo,7,,,,2
Nal_Hutta,1,Hutt_Cartels,Generate_Force,1,
Nal_Hutta,1,Hutt_Cartels,Hutt_Palace,1,
Nal_Hutta,2,,,,1
Nal_Hutta,3,,,,1
Nal_Hutta,4,,,,1
Nal_Hutta,5,,,,1
Nal_Hutta,6,,,,1
Nal_Hutta,7,,,,1
Nam_Chorios,1,Greater_Maldrood,Generate_Force,1,
Nam_Chorios,2,,,,1
Nam_Chorios,3,Rebel,Generate_Force,1,
Nam_Chorios,4,,,,3
Nam_Chorios,5,Empire,Generate_Force,1,
Nam_Chorios,6,,,,3
Nam_Chorios,7,,,,3
Naporar,1,Chiss,Generate_Force,1,
Naporar,2,,,,1
Naporar,3,,,,1
Naporar,4,,,,1
Naporar,5,,,,1
Naporar,6,,,,1
Naporar,7,,,,1
Nar_Haaska,1,Hutt_Cartels,Generate_Force,1,
Nar_Haaska,2,,,,1
Nar_Haaska,3,,,,1
Nar_Haaska,4,,,,1
Nar_Haaska,5,,,,1
Nar_Haaska,6,,,,1
Nar_Haaska,7,,,,1
Nar_Hekka,1,Hutt_Cartels,Generate_Force,1,
Nar_Hekka,2,,,,1
Nar_Hekka,3,,,,1
Nar_Hekka,4,,,,1
Nar_Hekka,5,,,,1
Nar_Hekka,6,,,,1
Nar_Hekka,7,,,,1
Nar_Shaddaa,1,Hutt_Cartels,Generate_Force,1,
Nar_Shaddaa,2,,,,1
Nar_Shaddaa,3,,,,1
Nar_Shaddaa,4,,,,1
Nar_Shaddaa,5,,,,1
Nar_Shaddaa,6,,,,1
Nar_Shaddaa,7,,,,1
Nath_Goordi,1,Independent_Forces,Generate_Force,1,
Nath_Goordi,2,,,,1
Nath_Goordi,3,,,,1
Nath_Goordi,4,,,,1
Nath_Goordi,5,,,,1
Nath_Goordi,6,,,,1
Nath_Goordi,7,,,,1
Nazzri,1,Independent_Forces,Generate_Force,1,
Nazzri,2,,,,1
Nazzri,3,,,,1
Nazzri,4,,,,1
Nazzri,5,,,,1
Nazzri,6,,,,1
Nazzri,7,,,,1
Nelvaan,1,Independent_Forces,Generate_Force,1,
Nelvaan,2,,,,1
Nelvaan,3,,,,1
Nelvaan,4,,,,1
Nelvaan,5,,,,1
Nelvaan,6,,,,1
Nelvaan,7,,,,1
Nentan,1,Empire,Generate_Force,1,
Nentan,2,,,,1
Nentan,3,,,,1
Nentan,4,,,,1
Nentan,5,,,,1
Nentan,6,Rebel,Generate_Force,1,
Nentan,7,,,,6
Nespis,1,Zsinj_Empire,Generate_Force,1,
Nespis,2,,,,1
Nespis,3,Empire,Generate_Force,1,
Nespis,4,Rebel,Generate_Force,1,
Nespis,5,,,,3
Nespis,6,,,,4
Nespis,7,,,,4
Nettehi,1,EmpireoftheHand,Generate_Force,1,
Nettehi,2,,,,1
Nettehi,3,,,,1
Nettehi,4,,,,1
Nettehi,5,,,,1
Nettehi,6,,,,1
Nettehi,7,,,,1
New_Alderaan,2,Rebel,Generate_Force,1,
New_Alderaan,3,,,,2
New_Alderaan,4,,,,2
New_Alderaan,5,,,,2
New_Alderaan,6,,,,2
New_Alderaan,7,,,,2
New_Bornalex,1,Zsinj_Empire,Generate_Force,1,
New_Bornalex,2,,,,1
New_Bornalex,3,Warlords,Generate_Force,1,
New_Bornalex,4,,,,3
New_Bornalex,5,,,,3
New_Bornalex,6,,,,3
New_Bornalex,7,,,,3
New_Cov,1,Empire,Generate_Force,1,
New_Cov,2,,,,1
New_Cov,3,Rebel,Generate_Force,1,
New_Cov,4,,,,3
New_Cov,5,,,,3
New_Cov,6,,,,3
New_Cov,7,,,,3
New_Plympto,1,Empire,Generate_Force,1,
New_Plympto,2,,,,1
New_Plympto,3,Rebel,Generate_Force,1,
New_Plympto,4,,,,3
New_Plympto,5,,,,3
New_Plympto,6,,,,3
New_Plympto,7,,,,3
Nez_Peron,1,Zsinj_Empire,Generate_Force,1,
Nez_Peron,2,,,,1
Nez_Peron,3,Empire,Generate_Force,1,
Nez_Peron,4,Warlords,Generate_Force,1,
Nez_Peron,5,,,,4
Nez_Peron,6,,,,4
Nez_Peron,7,,,,3
Nihil,1,Independent_Forces,Generate_Force,1,
Nihil,2,,,,1
Nihil,3,,,,1
Nihil,4,,,,1
Nihil,5,,,,1
Nihil,6,,,,1
Nihil,7,,,,1
Nimban,1,Hutt_Cartels,Generate_Force,1,
Nimban,2,,,,1
Nimban,3,,,,1
Nimban,4,,,,1
Nimban,5,,,,1
Nimban,6,,,,1
Nimban,7,,,,1
Nirauan,1,EmpireoftheHand,Generate_Force,1,
Nirauan,1,EmpireoftheHand,EOTH_Capital,1,
Nirauan,2,,,,1
Nirauan,3,,,,1
Nirauan,4,,,,1
Nirauan,5,,,,1
Nirauan,6,,,,1
Nirauan,7,,,,1
Nkllon,3,Rebel,Generate_Force,1,
Nkllon,4,,,,3
Nkllon,5,,,,3
Nkllon,6,,,,3
Nkllon,7,,,,3
Nocto,1,Rebel,Generate_Force,1,
Nocto,2,,,,1
Nocto,3,,,,1
Nocto,4,,,,1
Nocto,5,,,,1
Nocto,6,,,,1
Nocto,7,,,,1
Noonar,1,Empire,Generate_Force,1,
Noonar,2,,,,1
Noonar,3,,,,1
Noonar,4,,,,1
Noonar,5,,,,1
Noonar,6,,,,1
Noonar,7,,,,1
Noquivzor,1,Empire,Generate_Force,1,
Noquivzor,2,,,,1
Noquivzor,3,Rebel,Generate_Force,1,
Noquivzor,4,,,,3
Noquivzor,5,,,,3
Noquivzor,6,,,,3
Noquivzor,7,,,,3
Nouane,1,Empire,Generate_Force,1,
Nouane,2,Independent_Forces,Generate_Force,1,
Nouane,3,,,,2
Nouane,4,,,,2
Nouane,5,,,,2
Nouane,6,,,,2
Nouane,7,,,,2
Nubia,1,Corellia,Generate_Force,1,
Nubia,2,,,,1
Nubia,3,,,,1
Nubia,4,,,,1
Nubia,5,,,,1
Nubia,6,,,,1
Nubia,7,,,,1
Nulan,1,Empire,Generate_Force,1,
Nulan,2,,,,1
Nulan,3,Rebel,Generate_Force,1,
Nulan,4,,,,3
Nulan,5,,,,3
Nulan,6,,,,3
Nulan,7,,,,3
Null_Zone,1,Warlords,Generate_Force,1,
Null_Zone,2,Greater_Maldrood,Generate_Force,1,
Nzoth,1,Yevetha,Generate_Force,1,
Nzoth,1,Yevetha,Black_15,1,
Nzoth,2,,,,1
Nzoth,3,,,,1
Nzoth,4,,,,1
Nzoth,5,,,,1
Nzoth,6,,,,1
Nzoth,7,,,,1
Obredaan,1,Empire,Generate_Force,1,
Obredaan,2,,,,1
Obredaan,3,,,,1
Obredaan,4,,,,1
Obredaan,5,,,,1
Obredaan,6,,,,1
Obredaan,7,,,,1
Obroa_Skai,1,Empire,Generate_Force,1,
Obroa_Skai,2,,,,1
Obroa_Skai,3,Rebel,Generate_Force,1,
Obroa_Skai,4,,,,3
Obroa_Skai,5,,,,3
Obroa_Skai,6,,,,3
Obroa_Skai,7,,,,3
Odik,1,Empire,Generate_Force,1,
Odik,2,Warlords,Generate_Force,1,
Odik,3,,,,2
Odik,4,,,,1
Odik,5,,,,2
Odik,6,,,,2
Odik,7,,,,1
Ojom,1,Greater_Maldrood,Generate_Force,1,
Ojom,2,,,,1
Ojom,3,,,,1
Ojom,4,,,,1
Ojom,5,,,,1
Ojom,6,,,,1
Ojom,7,Empire,Generate_Force,1,
Onderon,1,Empire,Generate_Force,1,
Onderon,2,,,,1
Onderon,3,Rebel,Generate_Force,1,
Onderon,4,,,,3
Onderon,5,,,,3
Onderon,6,,,,3
Onderon,7,,,,3
Ord_Biniir,1,Pentastar,Generate_Force,1,
Ord_Biniir,1,,,,1
Ord_Biniir,2,,,,1
Ord_Biniir,3,,,,1
Ord_Biniir,4,,,,1
Ord_Biniir,5,,,,1
Ord_Biniir,6,,,,1
Ord_Biniir,7,Empire,Generate_Force,1,
Ord_Cantrell,1,Empire,Generate_Force,1,
Ord_Cantrell,2,,,,1
Ord_Cantrell,3,,,,1
Ord_Cantrell,4,,,,1
Ord_Cantrell,5,,,,1
Ord_Cantrell,6,,,,1
Ord_Cantrell,7,,,,1
Ord_Cestus,1,Zsinj_Empire,Generate_Force,1,
Ord_Cestus,2,,,,1
Ord_Cestus,3,Empire,Generate_Force,1,
Ord_Cestus,4,,,,3
Ord_Cestus,5,,,,3
Ord_Cestus,6,,,,3
Ord_Cestus,7,,,,3
Ord_Mantell,1,Empire,Generate_Force,1,
Ord_Mantell,2,,,,1
Ord_Mantell,3,Rebel,Generate_Force,1,
Ord_Mantell,4,,,,3
Ord_Mantell,5,,,,1
Ord_Mantell,6,,,,1
Ord_Mantell,7,,,,3
Ord_Pardron,1,Empire,Generate_Force,1,
Ord_Pardron,2,Rebel,Generate_Force,1,
Ord_Pardron,3,,,,2
Ord_Pardron,4,,,,2
Ord_Pardron,5,,,,2
Ord_Pardron,6,,,,2
Ord_Pardron,7,,,,2
Ord_Radama,1,Zsinj_Empire,Generate_Force,1,
Ord_Radama,2,,,,1
Ord_Radama,3,Empire,Generate_Force,1,
Ord_Radama,4,,,,3
Ord_Radama,5,,,,3
Ord_Radama,6,,,,3
Ord_Radama,7,,,,3
Ord_Trasi,1,Pentastar,Generate_Force,1,
Ord_Trasi,2,,,,1
Ord_Trasi,3,,,,1
Ord_Trasi,4,,,,1
Ord_Trasi,5,,,,1
Ord_Trasi,6,,,,1
Ord_Trasi,7,Empire,Generate_Force,1,
Ord_Vaug,1,Empire,Generate_Force,1,
Ord_Vaug,2,Rebel,Generate_Force,1,
Ord_Vaug,3,,,,2
Ord_Vaug,4,,,,2
Ord_Vaug,5,,,,2
Ord_Vaug,6,,,,2
Ord_Vaug,7,,,,2
Ordo,1,Mandalorians,Generate_Force,1,
Ordo,2,,,,1
Ordo,3,,,,1
Ordo,4,,,,1
Ordo,5,,,,1
Ordo,6,,,,1
Ordo,7,,,,1
Oreen,1,Independent_Forces,Generate_Force,1,
Oreen,2,,,,1
Oreen,3,,,,1
Oreen,4,,,,1
Oreen,5,,,,1
Oreen,6,,,,1
Oreen,7,,,,1
Orinda,1,Empire,Generate_Force,1,
Orinda,2,,,,1
Orinda,3,Empire,Generate_Force,1,
Orinda,3,Empire,Remnant_Capital,1,
Orinda,4,Rebel,Generate_Force,1,
Orinda,5,,,,3
Orinda,6,,,,3
Orinda,7,,,,1
Orion,1,Empire,Generate_Force,1,
Orion,2,Zsinj_Empire,Generate_Force,1,
Orion,3,Independent_Forces,Generate_Force,1,
Orion,4,,,,3
Orion,5,,,,3
Orion,6,,,,3
Orion,7,,,,3
Oristrom,1,EmpireoftheHand,Generate_Force,1,
Oristrom,2,,,,1
Oristrom,3,,,,1
Oristrom,4,,,,1
Oristrom,5,,,,1
Oristrom,6,,,,1
Oristrom,7,,,,1
Orocco,1,Empire,Generate_Force,1,
Orocco,2,,,,1
Orocco,3,,,,1
Orocco,4,,,,1
Orocco,5,,,,1
Orocco,6,,,,1
Orocco,7,,,,1
Orron,1,Corporate_Sector,Generate_Force,1,
Orron,2,Zsinj_Empire,Generate_Force,1,
Orron,3,,,,1
Orron,4,,,,1
Orron,5,,,,1
Orron,6,,,,1
Orron,7,,,,1
Oslumpex,1,Corporate_Sector,Generate_Force,1,
Oslumpex,2,Zsinj_Empire,Generate_Force,1,
Oslumpex,3,,,,1
Oslumpex,4,,,,1
Oslumpex,5,,,,1
Oslumpex,6,,,,1
Oslumpex,7,,,,1
Osseriton,1,Independent_Forces,Generate_Force,1,
Osseriton,2,,,,1
Osseriton,3,,,,1
Osseriton,4,,,,1
Osseriton,5,,,,1
Osseriton,6,,,,1
Osseriton,7,,,,1
Ossus,4,Rebel,Generate_Force,1,
Ossus,5,Empire,Generate_Force,1,
Ossus,6,,,,4
Ossus,7,,,,4
Paarin_Minor,1,Empire,Generate_Force,1,
Paarin_Minor,2,,,,1
Paarin_Minor,3,,,,1
Paarin_Minor,4,,,,1
Paarin_Minor,5,,,,1
Paarin_Minor,6,,,,1
Paarin_Minor,7,,,,1
Pakrik_Minor,1,Empire,Generate_Force,1,
Pakrik_Minor,2,,,,1
Pakrik_Minor,3,Rebel,Generate_Force,1,
Pakrik_Minor,4,,,,3
Pakrik_Minor,5,,,,3
Pakrik_Minor,6,,,,3
Pakrik_Minor,7,,,,3
Palanhi,1,Empire,Generate_Force,1,
Palanhi,2,,,,1
Palanhi,3,Rebel,Generate_Force,1,
Palanhi,4,,,,3
Palanhi,5,,,,3
Palanhi,6,,,,3
Palanhi,7,,,,3
Pallaxides,1,Zsinj_Empire,Generate_Force,1,
Pallaxides,2,,,,1
Pallaxides,3,Empire,Generate_Force,1,
Pallaxides,4,,,,3
Pallaxides,5,,,,3
Pallaxides,6,,,,3
Pallaxides,7,,,,3
Pantolomin,1,Empire,Generate_Force,1,
Pantolomin,2,,,,1
Pantolomin,3,Rebel,Generate_Force,1,
Pantolomin,4,,,,3
Pantolomin,5,,,,3
Pantolomin,6,,,,3
Pantolomin,7,,,,3
Pashvi,1,Independent_Forces,Generate_Force,1,
Pashvi,2,,,,1
Pashvi,3,,,,1
Pashvi,4,,,,1
Pashvi,5,,,,1
Pashvi,6,,,,1
Pashvi,7,,,,1
Perann_Nebula,1,Independent_Forces,Generate_Force,1,
Perann_Nebula,2,,,,1
Perann_Nebula,3,,,,1
Perann_Nebula,4,,,,1
Perann_Nebula,5,,,,1
Perann_Nebula,6,,,,1
Perann_Nebula,7,,,,1
Peregrine,1,Warlords,Generate_Force,1,
Peregrine,2,,,,1
Peregrine,3,,,,1
Pesfavri,1,Chiss,Generate_Force,1,
Pesfavri,2,,,,1
Pesfavri,3,,,,1
Pesfavri,4,,,,1
Pesfavri,5,,,,1
Pesfavri,6,,,,1
Pesfavri,7,,,,1
Phaeda,1,Empire,Generate_Force,1,
Phaeda,2,,,,1
Phaeda,3,,,,1
Phaeda,4,,,,1
Phaeda,5,,,,1
Phaeda,6,Rebel,Generate_Force,1,
Phaeda,7,,,,6
Phindar,1,Zsinj_Empire,Generate_Force,1,
Phindar,2,,,,1
Phindar,3,Warlords,Generate_Force,1,
Phindar,4,,,,3
Phindar,5,,,,3
Phindar,6,,,,3
Phindar,7,,,,3
Poderis,1,Empire,Generate_Force,1,
Poderis,2,Zsinj_Empire,Generate_Force,1,
Poderis,3,,,,1
Poderis,4,Rebel,Generate_Force,1,
Poderis,5,,,,4
Poderis,6,,,,4
Poderis,7,,,,4
Polis_Massa,1,Rebel,Generate_Force,1,
Polis_Massa,2,,,,1
Polis_Massa,3,,,,1
Polis_Massa,4,,,,1
Polis_Massa,5,,,,1
Polis_Massa,6,,,,1
Polis_Massa,7,,,,1
Poln_Major,1,Rebel,Generate_Force,1,
Poln_Major,2,,,,1
Poln_Major,3,,,,1
Poln_Major,4,,,,1
Poln_Major,5,,,,1
Poln_Major,6,,,,1
Poln_Major,7,,,,1
Polneye,1,Yevetha,Generate_Force,1,
Polneye,2,,,,1
Polneye,3,,,,1
Polneye,4,,,,1
Polneye,5,,,,1
Polneye,6,,,,1
Polneye,7,,,,1
Polus,1,Rebel,Generate_Force,1,
Polus,2,,,,1
Polus,3,,,,1
Polus,4,Empire,Generate_Force,1,
Polus,5,,,,4
Polus,6,,,,1
Polus,7,,,,1
Porchello,1,Empire,Generate_Force,1,
Porchello,2,Rebel,Generate_Force,1,
Porchello,3,,,,2
Porchello,4,,,,2
Porchello,5,,,,2
Porchello,6,,,,2
Porchello,7,,,,2
Porus_Vida,1,Empire,Generate_Force,1,
Porus_Vida,2,,,,1
Porus_Vida,3,Rebel,Generate_Force,1,
Porus_Vida,4,,,,3
Porus_Vida,5,,,,3
Porus_Vida,6,,,,3
Porus_Vida,7,,,,3
Praadost,1,Zsinj_Empire,Generate_Force,1,
Praadost,2,,,,1
Praadost,3,Empire,Generate_Force,1,
Praadost,4,,,,3
Praadost,5,,,,3
Praadost,6,,,,3
Praadost,7,Rebel,Generate_Force,1,
Praesitlyn,1,Eriadu_Authority,Generate_Force,1,
Praesitlyn,2,,,,1
Praesitlyn,3,Rebel,Generate_Force,1,
Praesitlyn,4,,,,3
Praesitlyn,5,,,,3
Praesitlyn,6,,,,3
Praesitlyn,7,,,,3
Prakith,1,Empire,Generate_Force,1,
Prakith,2,Warlords,Generate_Force,1,
Prakith,3,,,,2
Prakith,4,,,,1
Prakith,5,,,,2
Prakith,6,,,,2
Prakith,7,,,,1
Prefsbelt,1,Pentastar,Generate_Force,1,
Prefsbelt,2,,,,1
Prefsbelt,3,,,,1
Prefsbelt,4,,,,1
Prefsbelt,5,,,,1
Prefsbelt,6,,,,1
Prefsbelt,7,Empire,Generate_Force,1,
Prildaz,1,Yevetha,Generate_Force,1,
Prildaz,2,,,,1
Prildaz,3,,,,1
Prildaz,4,,,,1
Prildaz,5,,,,1
Prildaz,6,,,,1
Prildaz,7,,,,1
Primea,1,Independent_Forces,Generate_Force,1,
Primea,2,,,,1
Primea,3,,,,1
Primea,4,,,,1
Primea,5,,,,1
Primea,6,,,,1
Primea,7,,,,1
Qat_Chrystac,1,Empire,Generate_Force,1,
Qat_Chrystac,2,,,,1
Qat_Chrystac,3,,,,1
Qiilura,1,Independent_Forces,Generate_Force,1,
Qiilura,2,,,,1
Qiilura,3,,,,1
Qiilura,4,,,,1
Qiilura,5,,,,1
Qiilura,6,,,,1
Qiilura,7,,,,1
Qoribu,1,Killik_Hives,Generate_Force,1,
Qoribu,2,,,,1
Qoribu,3,,,,1
Qoribu,4,,,,1
Qoribu,5,,,,1
Qoribu,6,,,,1
Qoribu,7,,,,1
Qretu,1,Empire,Generate_Force,1,
Qretu,2,,,,1
Qretu,3,Independent_Forces,Generate_Force,1,
Qretu,4,,,,1
Qretu,5,,,,3
Qretu,6,,,,3
Qretu,7,,,,3
Quell,1,Greater_Maldrood,Generate_Force,1,
Quell,2,,,,1
Quell,3,Independent_Forces,Generate_Force,1,
Quell,4,Empire,Generate_Force,1,
Quell,5,,,,4
Quell,6,,,,4
Quell,7,,,,4
Quellor,1,Empire,Generate_Force,1,
Quellor,2,,,,1
Quellor,3,Independent_Forces,Generate_Force,1,
Quellor,4,,,,3
Quellor,5,Rebel,Generate_Force,1,
Quellor,6,,,,5
Quellor,7,,,,5
Quermia,1,Empire,Generate_Force,1,
Quermia,2,Rebel,Generate_Force,1,
Quermia,3,,,,2
Quermia,4,,,,2
Quermia,5,,,,2
Quermia,6,,,,2
Quermia,7,,,,2
Quethold,1,EmpireoftheHand,Generate_Force,1,
Quethold,2,,,,1
Quethold,3,,,,1
Quethold,4,,,,1
Quethold,5,,,,1
Quethold,6,,,,1
Quethold,7,,,,1
Ragmar,1,Warlords,Generate_Force,1,
Ragmar,2,,,,1
Ragmar,3,,,,1
Ragmar,4,,,,1
Ragmar,5,,,,1
Ragmar,6,,,,1
Ragmar,7,,,,1
Rago,1,Independent_Forces,Generate_Force,1,
Rago,2,,,,1
Rago,3,,,,1
Rago,4,,,,1
Rago,5,,,,1
Rago,6,,,,1
Rago,7,,,,1
Ralltiir,1,Rebel,Generate_Force,1,
Ralltiir,2,,,,1
Ralltiir,3,,,,1
Ralltiir,4,,,,1
Ralltiir,5,,,,1
Ralltiir,6,,,,1
Ralltiir,7,,,,1
Randon,1,Empire,Generate_Force,1,
Randon,2,Rebel,Generate_Force,1,
Randon,3,,,,2
Randon,4,,,,2
Randon,5,,,,2
Randon,6,,,,2
Randon,7,,,,2
Rapacc,1,EmpireoftheHand,Generate_Force,1,
Rapacc,2,,,,1
Rapacc,3,,,,1
Rapacc,4,,,,1
Rapacc,5,,,,1
Rapacc,6,,,,1
Rapacc,7,,,,1
Rattatak,1,Independent_Forces,Generate_Force,1,
Rattatak,2,,,,1
Rattatak,3,,,,1
Rattatak,4,,,,1
Rattatak,5,,,,1
Rattatak,6,,,,1
Rattatak,7,,,,1
Raxus,1,Independent_Forces,Generate_Force,1,
Raxus,2,,,,1
Raxus,3,,,,1
Raxus,4,,,,1
Raxus,5,,,,1
Raxus,6,,,,1
Raxus,7,,,,1
Raxus_Second,1,Independent_Forces,Generate_Force,1,
Raxus_Second,2,,,,1
Raxus_Second,3,,,,1
Raxus_Second,4,,,,1
Raxus_Second,5,,,,1
Raxus_Second,6,,,,1
Raxus_Second,7,,,,1
Rduba,1,Empire,Generate_Force,1,
Rduba,2,Rebel,Generate_Force,1,
Rduba,3,,,,2
Rduba,4,,,,2
Rduba,5,,,,2
Rduba,6,,,,2
Rduba,7,,,,2
Reecee,1,Empire,Generate_Force,1,
Reecee,2,,,,1
Reecee,3,Rebel,Generate_Force,1,
Reecee,4,,,,3
Reecee,5,,,,3
Reecee,6,Independent_Forces,Generate_Force,1,
Reecee,7,,,,6
Relephon,1,Hapes_Consortium,Generate_Force,1,
Relephon,2,,,,1
Relephon,3,,,,1
Relephon,4,,,,1
Relephon,5,,,,1
Relephon,6,,,,1
Relephon,7,,,,1
Rendili,1,Empire,Generate_Force,1,
Rendili,2,,,,1
Rendili,3,,,,1
Rendili,4,,,,1
Rendili,5,Rebel,Generate_Force,1,
Rendili,6,,,,5
Rendili,7,,,,5
Rennek,1,Independent_Forces,Generate_Force,1,
Rennek,2,,,,1
Rennek,3,,,,1
Rennek,4,,,,1
Rennek,5,,,,1
Rennek,6,,,,1
Rennek,7,,,,1
Rhand,1,Independent_Forces,Generate_Force,1,
Rhand,2,,,,1
Rhand,3,,,,1
Rhand,4,,,,1
Rhand,5,,,,1
Rhand,6,,,,1
Rhand,7,,,,1
Rhigar,1,Chiss,Generate_Force,1,
Rhigar,2,,,,1
Rhigar,3,,,,1
Rhigar,4,,,,1
Rhigar,5,,,,1
Rhigar,6,,,,1
Rhigar,7,,,,1
Rhommamool,1,Empire,Generate_Force,1,
Rhommamool,2,,,,1
Rhommamool,3,Rebel,Generate_Force,1,
Rhommamool,4,,,,3
Rhommamool,5,,,,3
Rhommamool,6,,,,3
Rhommamool,7,,,,3
Riette,1,EmpireoftheHand,Generate_Force,1,
Riette,2,,,,1
Riette,3,,,,1
Riette,4,,,,1
Riette,5,,,,1
Riette,6,,,,1
Riette,7,,,,1
Ringneldia,1,Warlords,Generate_Force,1,
Ringneldia,2,,,,1
Ringneldia,3,,,,1
Ringneldia,4,,,,1
Ringneldia,5,,,,1
Ringneldia,6,,,,1
Ringneldia,7,,,,1
Ringo_Vinda,1,Greater_Maldrood,Generate_Force,1,
Ringo_Vinda,2,,,,1
Ringo_Vinda,3,Rebel,Generate_Force,1,
Ringo_Vinda,4,,,,3
Ringo_Vinda,5,,,,3
Ringo_Vinda,6,,,,3
Ringo_Vinda,7,,,,3
Rintonne,1,Warlords,Generate_Force,1,
Rintonne,2,,,,1
Rintonne,3,Rebel,Generate_Force,1,
Rintonne,4,Empire,Generate_Force,1,
Rintonne,5,,,,1
Rintonne,6,,,,1
Rintonne,7,,,,1
Rion,1,Empire,Generate_Force,1,
Rion,2,,,,1
Rion,3,,,,1
Rion,4,Rebel,Generate_Force,1,
Rion,5,,,,4
Rion,6,,,,4
Rion,7,,,,4
Rishi,1,Empire,Generate_Force,1,
Rishi,2,Rebel,Generate_Force,1,
Rishi,3,,,,2
Rishi,4,,,,2
Rishi,5,,,,2
Rishi,6,,,,2
Rishi,7,,,,2
Roche,1,Greater_Maldrood,Generate_Force,1,
Roche,2,,,,1
Roche,3,Rebel,Generate_Force,1,
Roche,4,,,,3
Roche,5,,,,3
Roche,6,,,,3
Roche,7,,,,3
Rodia,1,Empire,Generate_Force,1,
Rodia,2,Rebel,Generate_Force,1,
Rodia,3,,,,2
Rodia,4,,,,2
Rodia,5,,,,2
Rodia,6,,,,2
Rodia,7,,,,2
Romin,1,Greater_Maldrood,Generate_Force,1,
Romin,2,,,,1
Romin,3,,,,1
Romin,4,Rebel,Generate_Force,1,
Romin,5,,,,4
Romin,6,,,,4
Romin,7,,,,4
Ronyards,1,Independent_Forces,Generate_Force,1,
Ronyards,2,,,,1
Ronyards,3,,,,1
Ronyards,4,,,,1
Ronyards,5,,,,1
Ronyards,6,,,,1
Ronyards,7,,,,1
Roqoo,1,Hapes_Consortium,Generate_Force,1,
Roqoo,2,,,,1
Roqoo,3,,,,1
Roqoo,4,,,,1
Roqoo,5,,,,1
Roqoo,6,,,,1
Roqoo,7,,,,1
Rothana,1,Empire,Generate_Force,1,
Rothana,2,Rebel,Generate_Force,1,
Rothana,3,,,,2
Rothana,4,,,,2
Rothana,5,,,,2
Rothana,6,,,,2
Rothana,7,,,,2
Roxuli,1,Empire,Generate_Force,1,
Roxuli,2,,,,1
Roxuli,3,,,,1
Roxuli,4,,,,1
Roxuli,5,,,,1
Roxuli,6,Rebel,Generate_Force,1,
Roxuli,7,,,,6
Rudrig,1,Empire,Generate_Force,1,
Rudrig,2,Zsinj_Empire,Generate_Force,1,
Rudrig,3,Independent_Forces,Generate_Force,1,
Rudrig,4,,,,3
Rudrig,5,,,,3
Rudrig,6,,,,3
Rudrig,7,,,,3
Ruusan,5,Warlords,Generate_Force,1,
Ruusan,7,,,,5
Ryloth,1,Rebel,Generate_Force,1,
Ryloth,2,,,,1
Ryloth,3,,,,1
Ryloth,4,,,,1
Ryloth,5,,,,1
Ryloth,6,,,,1
Ryloth,7,,,,1
Ryndellia,1,Empire,Generate_Force,1,
Ryndellia,2,,,,1
Ryndellia,3,Rebel,Generate_Force,1,
Ryndellia,4,,,,1
Ryndellia,5,,,,3
Ryndellia,6,,,,3
Ryndellia,7,,,,3
Ryvester,1,Greater_Maldrood,Generate_Force,1,
Ryvester,2,,,,1
Ryvester,3,Greater_Maldrood,Generate_Force,1,
Ryvester,3,Greater_Maldrood,Maldrood_Capital,1,
Ryvester,4,,,,3
Ryvester,5,,,,3
Ryvester,6,,,,3
Ryvester,7,,,,3
RZ7,1,Warlords,Generate_Force,1,
RZ7,2,,,,1
RZ7,3,,,,1
RZ7,4,,,,1
RZ7,5,,,,1
RZ7,6,,,,1
RZ7,7,,,,1
Sacorria,1,Corellia,Generate_Force,1,
Sacorria,2,,,,1
Sacorria,3,,,,1
Sacorria,4,,,,1
Sacorria,5,,,,1
Sacorria,6,,,,1
Sacorria,7,,,,1
Saffalore,1,Corporate_Sector,Generate_Force,1,
Saffalore,2,Zsinj_Empire,Generate_Force,1,
Saffalore,3,,,,1
Saffalore,4,,,,1
Saffalore,5,,,,1
Saffalore,6,,,,1
Saffalore,7,,,,1
Sagma,1,Zsinj_Empire,Generate_Force,1,
Sagma,2,,,,1
Sagma,3,Empire,Generate_Force,1,
Sagma,4,,,,3
Sagma,5,,,,3
Sagma,6,,,,3
Sagma,7,Rebel,Generate_Force,1,
Saijo,1,Rebel,Generate_Force,1,
Saijo,2,,,,1
Saijo,3,,,,1
Saijo,4,,,,1
Saijo,5,,,,1
Saijo,6,,,,1
Saijo,7,,,,1
Saleucami,1,Warlords,Generate_Force,1,
Saleucami,2,,,,1
Saleucami,3,,,,1
Saleucami,4,,,,1
Saleucami,5,Hutt_Cartels,Generate_Force,1,
Saleucami,6,,,,1
Saleucami,7,,,,1
Salvara,1,Greater_Maldrood,Generate_Force,1,
Salvara,2,,,,1
Salvara,3,Rebel,Generate_Force,1,
Salvara,4,,,,3
Salvara,5,,,,3
Salvara,6,,,,3
Salvara,7,,,,3
Sanjin,1,Empire,Generate_Force,1,
Sanjin,2,,,,1
Sanjin,3,,,,1
Sanjin,4,,,,1
Sanjin,5,Rebel,Generate_Force,1,
Sanjin,6,,,,5
Sanjin,7,,,,5
Sanrafsix,1,Eriadu_Authority,Generate_Force,1,
Sanrafsix,2,,,,1
Sanrafsix,3,Rebel,Generate_Force,1,
Sanrafsix,4,,,,3
Sanrafsix,5,,,,3
Sanrafsix,6,,,,3
Sanrafsix,7,,,,3
Sarapin,1,Empire,Generate_Force,1,
Sarapin,2,Rebel,Generate_Force,1,
Sarapin,3,,,,2
Sarapin,4,,,,2
Sarapin,5,,,,2
Sarapin,6,,,,2
Sarapin,7,,,,2
Sarko,1,Empire,Generate_Force,1,
Sarko,2,,,,1
Sarko,3,Rebel,Generate_Force,1,
Sarko,4,,,,3
Sarko,5,,,,3
Sarko,6,,,,3
Sarko,7,,,,3
Sarm,1,Killik_Hives,Generate_Force,1,
Sarm,2,,,,1
Sarm,3,,,,1
Sarm,4,,,,1
Sarm,5,,,,1
Sarm,6,,,,1
Sarm,7,,,,1
Sarrish,1,Empire,Generate_Force,1,
Sarrish,2,Rebel,Generate_Force,1,
Sarrish,3,,,,2
Sarrish,4,,,,2
Sarrish,5,,,,2
Sarrish,6,,,,2
Sarrish,7,,,,2
Sarvchi,1,Chiss,Generate_Force,1,
Sarvchi,2,,,,1
Sarvchi,3,,,,1
Sarvchi,4,,,,1
Sarvchi,5,,,,1
Sarvchi,6,,,,1
Sarvchi,7,,,,1
Scarl,1,Empire,Generate_Force,1,
Scarl,2,,,,1
Scarl,3,Rebel,Generate_Force,1,
Scarl,4,,,,3
Scarl,5,,,,3
Scarl,6,,,,3
Scarl,7,,,,3
Schesa,1,Chiss,Generate_Force,1,
Schesa,2,,,,1
Schesa,3,,,,1
Schesa,4,,,,1
Schesa,5,,,,1
Schesa,6,,,,1
Schesa,7,,,,1
Scipio,1,Pentastar,Generate_Force,1,
Scipio,2,,,,1
Scipio,3,,,,1
Scipio,4,,,,1
Scipio,5,,,,1
Scipio,6,,,,1
Scipio,7,Empire,Generate_Force,1,
Selaggis,1,Zsinj_Empire,Generate_Force,1,
Selaggis,2,,,,1
Selaggis,3,Empire,Generate_Force,1,
Selaggis,4,,,,3
Selaggis,5,,,,3
Selaggis,6,,,,3
Selaggis,7,,,,3
Sellasas,1,Eriadu_Authority,Generate_Force,1,
Sellasas,2,,,,1
Sellasas,3,Rebel,Generate_Force,1,
Sellasas,4,,,,3
Sellasas,5,,,,3
Sellasas,6,,,,3
Sellasas,7,,,,3
Serenno,1,Zsinj_Empire,Generate_Force,1,
Serenno,2,,,,1
Serenno,3,Empire,Generate_Force,1,
Serenno,4,,,,3
Serenno,5,,,,3
Serenno,6,,,,3
Serenno,7,,,,3
Sernpidal,1,Pentastar,Generate_Force,1,
Sernpidal,2,Empire,Generate_Force,1,
Sernpidal,3,,,,2
Sernpidal,4,,,,2
Sernpidal,5,,,,2
Sernpidal,6,,,,2
Sernpidal,7,,,,2
Serroco,1,Zsinj_Empire,Generate_Force,1,
Serroco,2,,,,1
Serroco,3,Empire,Generate_Force,1,
Serroco,4,Rebel,Generate_Force,1,
Serroco,5,,,,3
Serroco,6,,,,4
Serroco,7,,,,4
Seylott,1,Independent_Forces,Generate_Force,1,
Seylott,2,,,,1
Seylott,3,,,,1
Seylott,4,,,,1
Seylott,5,,,,1
Seylott,6,,,,1
Seylott,7,,,,1
Shadren,1,Zsinj_Empire,Generate_Force,1,
Shadren,2,,,,1
Shadren,3,Independent_Forces,Generate_Force,1,
Shadren,4,Rebel,Generate_Force,1,
Shadren,5,Empire,Generate_Force,1,
Shadren,6,,,,4
Shadren,7,,,,4
Shaylin,1,Rebel,Generate_Force,1,
Shaylin,2,,,,1
Shaylin,3,,,,1
Shaylin,4,,,,1
Shaylin,5,,,,1
Shaylin,6,,,,1
Shaylin,7,,,,1
Shedu_Maad,1,Hapes_Consortium,Generate_Force,1,
Shedu_Maad,2,,,,1
Shedu_Maad,3,,,,1
Shedu_Maad,4,,,,1
Shedu_Maad,5,,,,1
Shedu_Maad,6,,,,1
Shedu_Maad,7,,,,1
Shner,1,SsiRuuvi_Imperium,Generate_Force,1,
Shner,2,,,,1
Shner,3,,,,1
Shner,4,,,,1
Shner,5,,,,1
Shner,6,,,,1
Shner,7,,,,1
Shree,1,SsiRuuvi_Imperium,Generate_Force,1,
Shree,2,,,,1
Shree,3,,,,1
Shree,4,,,,1
Shree,5,,,,1
Shree,6,,,,1
Shree,7,,,,1
Sifkric,1,Zsinj_Empire,Generate_Force,1,
Sifkric,2,,,,1
Sifkric,3,Independent_Forces,Generate_Force,1,
Sifkric,4,,,,3
Sifkric,5,,,,3
Sifkric,6,,,,3
Sifkric,7,,,,3
Skye,1,Rebel,Generate_Force,1,
Skye,2,,,,1
Skye,3,,,,1
Skye,4,,,,1
Skye,5,,,,1
Skye,6,,,,1
Skye,7,,,,1
Sleheyron,1,Hutt_Cartels,Generate_Force,1,
Sleheyron,2,,,,1
Sleheyron,3,,,,1
Sleheyron,4,,,,1
Sleheyron,5,,,,1
Sleheyron,6,,,,1
Sleheyron,7,,,,1
Sluis_Van,1,Eriadu_Authority,Generate_Force,1,
Sluis_Van,2,,,,1
Sluis_Van,3,Rebel,Generate_Force,1,
Sluis_Van,4,,,,3
Sluis_Van,5,,,,3
Sluis_Van,6,,,,3
Sluis_Van,7,,,,3
Snevu,1,Killik_Hives,Generate_Force,1,
Snevu,2,,,,1
Snevu,3,,,,1
Snevu,4,,,,1
Snevu,5,,,,1
Snevu,6,,,,1
Snevu,7,,,,1
Solaest,1,Zsinj_Empire,Generate_Force,1,
Solaest,2,,,,1
Solaest,3,Rebel,Generate_Force,1,
Solaest,4,,,,3
Solaest,5,Empire,Generate_Force,1,
Solaest,6,,,,3
Solaest,7,,,,3
Solem,1,Empire,Generate_Force,1,
Solem,2,Rebel,Generate_Force,1,
Solem,3,,,,2
Solem,4,,,,2
Solem,5,,,,2
Solem,6,,,,2
Solem,7,,,,2
Solitair,1,EmpireoftheHand,Generate_Force,1,
Solitair,2,,,,1
Solitair,3,,,,1
Solitair,4,,,,1
Solitair,5,,,,1
Solitair,6,,,,1
Solitair,7,,,,1
Stenos,1,Zsinj_Empire,Generate_Force,1,
Stenos,2,Independent_Forces,Generate_Force,1,
Stenos,3,Rebel,Generate_Force,1,
Stenos,4,,,,3
Stenos,5,,,,3
Stenos,6,,,,3
Stenos,7,,,,3
Storinal,1,Empire,Generate_Force,1,
Storinal,2,,,,1
Storinal,3,,,,1
Storinal,4,,,,1
Storinal,5,,,,1
Storinal,6,,,,1
Storinal,7,,,,1
Stratos,1,Independent_Forces,Generate_Force,1,
Stratos,2,,,,1
Stratos,3,,,,1
Stratos,4,,,,1
Stratos,5,,,,1
Stratos,6,,,,1
Stratos,7,,,,1
Sullust,1,Rebel,Generate_Force,1,
Sullust,2,,,,1
Sullust,3,,,,1
Sullust,4,,,,1
Sullust,5,,,,1
Sullust,6,,,,1
Sullust,7,,,,1
Sunrise,1,Independent_Forces,Generate_Force,1,
Sunrise,2,,,,1
Sunrise,3,,,,1
Sunrise,4,,,,1
Sunrise,5,,,,1
Sunrise,6,,,,1
Sunrise,7,,,,1
Suurja,1,Zsinj_Empire,Generate_Force,1,
Suurja,2,,,,1
Suurja,3,Empire,Generate_Force,1,
Suurja,4,Rebel,Generate_Force,1,
Suurja,5,,,,4
Suurja,6,,,,4
Suurja,7,,,,4
Svivren,1,Eriadu_Authority,Generate_Force,1,
Svivren,2,Independent_Forces,Generate_Force,1,
Svivren,3,,,,2
Svivren,4,Rebel,Generate_Force,1,
Svivren,5,,,,4
Svivren,6,,,,4
Svivren,7,,,,4
Sy_Myrth,1,Greater_Maldrood,Generate_Force,1,
Sy_Myrth,2,,,,1
Sy_Myrth,3,Rebel,Generate_Force,1,
Sy_Myrth,4,,,,3
Sy_Myrth,5,,,,3
Sy_Myrth,6,,,,3
Sy_Myrth,7,,,,3
Syca,1,EmpireoftheHand,Generate_Force,1,
Syca,2,,,,1
Syca,3,,,,1
Syca,4,,,,1
Syca,5,,,,1
Syca,6,,,,1
Syca,7,,,,1
Syned,1,Empire,Generate_Force,1,
Syned,2,,,,1
Syned,3,,,,1
Syned,4,Rebel,Generate_Force,1,
Syned,5,,,,4
Syned,6,,,,4
Syned,7,,,,4
Syni,1,Independent_Forces,Generate_Force,1,
Syni,2,,,,1
Syni,3,,,,1
Syni,4,,,,1
Syni,5,,,,1
Syni,6,,,,1
Syni,7,,,,1
Taanab,1,Empire,Generate_Force,1,
Taanab,2,Rebel,Generate_Force,1,
Taanab,3,,,,2
Taanab,4,,,,2
Taanab,5,,,,2
Taanab,6,,,,2
Taanab,7,,,,2
Talasea,1,Independent_Forces,Generate_Force,1,
Talasea,2,,,,1
Talasea,3,Rebel,Generate_Force,1,
Talasea,4,,,,3
Talasea,5,,,,3
Talasea,6,,,,3
Talasea,7,,,,3
Talay,1,Rebel,Generate_Force,1,
Talay,2,,,,1
Talay,3,,,,1
Talay,4,Empire,Generate_Force,1,
Talay,5,,,,1
Talay,6,,,,1
Talay,7,,,,1
Talcene,1,Greater_Maldrood,Generate_Force,1,
Talcene,2,,,,1
Talcene,3,Rebel,Generate_Force,1,
Talcene,4,,,,3
Talcene,5,,,,3
Talcene,6,,,,3
Talcene,7,,,,3
Talfaglio,1,Corellia,Generate_Force,1,
Talfaglio,2,,,,1
Talfaglio,3,,,,1
Talfaglio,4,,,,1
Talfaglio,5,,,,1
Talfaglio,6,,,,1
Talfaglio,7,,,,1
Taloraan,1,Empire,Generate_Force,1,
Taloraan,2,Rebel,Generate_Force,1,
Taloraan,3,,,,2
Taloraan,4,,,,2
Taloraan,5,,,,2
Taloraan,6,,,,2
Taloraan,7,,,,2
Talus_Tralus,1,Corellia,Generate_Force,1,
Talus_Tralus,2,,,,1
Talus_Tralus,3,,,,1
Talus_Tralus,4,,,,1
Talus_Tralus,5,,,,1
Talus_Tralus,6,,,,1
Talus_Tralus,7,,,,1
Tangrene,1,Zsinj_Empire,Generate_Force,1,
Tangrene,2,,,,1
Tangrene,3,Empire,Generate_Force,1,
Tangrene,4,,,,3
Tangrene,5,,,,3
Tangrene,6,,,,3
Tangrene,7,,,,3
Tar_Morden,1,Rebel,Generate_Force,1,
Tar_Morden,2,,,,1
Tar_Morden,3,,,,1
Tar_Morden,4,,,,1
Tar_Morden,5,,,,1
Tar_Morden,6,,,,1
Tar_Morden,7,,,,1
Taris,1,Zsinj_Empire,Generate_Force,1,
Taris,2,,,,1
Taris,3,Empire,Generate_Force,1,
Taris,4,,,,3
Taris,5,,,,3
Taris,6,Rebel,Generate_Force,1,
Taris,7,,,,6
Tatooine,1,Rebel,Generate_Force,1,
Tatooine,2,,,,1
Tatooine,3,,,,1
Tatooine,4,,,,1
Tatooine,5,,,,1
Tatooine,6,,,,1
Tatooine,7,,,,1
Tellanroaeg,1,Hutt_Cartels,Generate_Force,1,
Tellanroaeg,2,,,,1
Tellanroaeg,3,,,,1
Tellanroaeg,4,,,,1
Tellanroaeg,5,,,,1
Tellanroaeg,6,,,,1
Tellanroaeg,7,,,,1
Telos,1,Zsinj_Empire,Generate_Force,1,
Telos,2,,,,1
Telos,3,Empire,Generate_Force,1,
Telos,4,,,,3
Telos,5,,,,3
Telos,6,,,,3
Telos,7,Rebel,Generate_Force,1,
Telti,1,Rebel,Generate_Force,1,
Telti,2,,,,1
Telti,3,,,,1
Telti,4,,,,1
Telti,5,,,,1
Telti,6,,,,1
Telti,7,,,,1
Tenupe,1,Killik_Hives,Generate_Force,1,
Tenupe,2,,,,1
Tenupe,3,,,,1
Tenupe,4,,,,1
Tenupe,5,,,,1
Tenupe,6,,,,1
Tenupe,7,,,,1
Teptixii,1,EmpireoftheHand,Generate_Force,1,
Teptixii,2,,,,1
Teptixii,3,,,,1
Teptixii,4,,,,1
Teptixii,5,,,,1
Teptixii,6,,,,1
Teptixii,7,,,,1
Terephon,1,Hapes_Consortium,Generate_Force,1,
Terephon,2,,,,1
Terephon,3,,,,1
Terephon,4,,,,1
Terephon,5,,,,1
Terephon,6,,,,1
Terephon,7,,,,1
Teth,1,Hutt_Cartels,Generate_Force,1,
Teth,2,,,,1
Teth,3,,,,1
Teth,4,,,,1
Teth,5,,,,1
Teth,6,,,,1
Teth,7,,,,1
Thanos,1,Greater_Maldrood,Generate_Force,1,
Thanos,2,,,,1
Thanos,3,Rebel,Generate_Force,1,
Thanos,4,,,,3
Thanos,5,,,,3
Thanos,6,,,,3
Thanos,7,,,,3
The_Maw,6,Empire,Generate_Force,1,
The_Redoubt,1,Chiss,Generate_Force,1,
The_Redoubt,2,,,,1
The_Redoubt,3,,,,1
The_Redoubt,4,,,,1
The_Redoubt,5,,,,1
The_Redoubt,6,,,,1
The_Redoubt,7,,,,1
Thila,1,Zsinj_Empire,Generate_Force,1,
Thila,2,,,,1
Thila,3,Rebel,Generate_Force,1,
Thila,4,,,,3
Thila,5,,,,3
Thila,6,,,,3
Thila,7,,,,3
Thomork,1,Empire,Generate_Force,1,
Thomork,2,Warlords,Generate_Force,1,
Thomork,3,,,,2
Thomork,4,,,,1
Thomork,5,,,,2
Thomork,6,,,,2
ThonBoka,1,Independent_Forces,Generate_Force,1,
ThonBoka,2,,,,1
ThonBoka,3,,,,1
ThonBoka,4,,,,1
ThonBoka,5,,,,1
ThonBoka,6,,,,1
ThonBoka,7,,,,1
Thrago,1,Chiss,Generate_Force,1,
Thrago,2,,,,1
Thrago,3,,,,1
Thrago,4,,,,1
Thrago,5,,,,1
Thrago,6,,,,1
Thrago,7,,,,1
Thule,1,Independent_Forces,Generate_Force,1,
Thule,2,,,,1
Thule,3,,,,1
Thule,4,Empire,Generate_Force,1,
Thule,5,,,,1
Thule,6,,,,1
Thule,7,,,,1
Thustra,1,Empire,Generate_Force,1,
Thustra,2,Zsinj_Empire,Generate_Force,1,
Thustra,3,,,,1
Thustra,4,Rebel,Generate_Force,1,
Thustra,5,,,,4
Thustra,6,,,,4
Thustra,7,,,,4
Thyferra,1,Warlords,Generate_Force,1,
Thyferra,2,,,,1
Thyferra,3,Rebel,Generate_Force,1,
Thyferra,4,,,,3
Thyferra,5,,,,3
Thyferra,6,,,,3
Thyferra,7,,,,3
Tibrin,1,Rebel,Generate_Force,1,
Tibrin,2,,,,1
Tibrin,3,,,,1
Tibrin,4,,,,1
Tibrin,5,,,,1
Tibrin,6,,,,1
Tibrin,7,,,,1
Timora,1,Empire,Generate_Force,1,
Timora,2,Rebel,Generate_Force,1,
Timora,3,,,,2
Timora,4,,,,2
Timora,5,,,,2
Timora,6,,,,2
Timora,7,,,,2
Tingel_Deepspace_Besh,1,Rebel,Generate_Force,1,
Tingel_Deepspace_Besh,2,,,,1
Tingel_Deepspace_Besh,3,,,,1
Tingel_Deepspace_Besh,4,,,,1
Tingel_Deepspace_Besh,5,,,,1
Tingel_Deepspace_Besh,6,,,,1
Tingel_Deepspace_Besh,7,,,,1
Togoria,1,Greater_Maldrood,Generate_Force,1,
Togoria,2,,,,1
Togoria,3,Rebel,Generate_Force,1,
Togoria,4,,,,3
Togoria,5,,,,3
Togoria,6,,,,3
Togoria,7,,,,3
Ton_Falk,1,Rebel,Generate_Force,1,
Ton_Falk,2,,,,1
Ton_Falk,3,,,,1
Ton_Falk,4,,,,1
Ton_Falk,5,,,,1
Ton_Falk,6,,,,1
Ton_Falk,7,,,,1
Toola,1,Empire,Generate_Force,1,
Toola,2,Rebel,Generate_Force,1,
Toola,3,,,,2
Toola,4,,,,2
Toola,5,,,,2
Toola,6,,,,2
Toola,7,,,,2
Toprawa,1,Zsinj_Empire,Generate_Force,1,
Toprawa,2,,,,1
Toprawa,3,Empire,Generate_Force,1,
Toprawa,4,,,,3
Toprawa,5,,,,3
Toprawa,6,,,,3
Toprawa,7,,,,3
Toydaria,1,Hutt_Cartels,Generate_Force,1,
Toydaria,2,,,,1
Toydaria,3,,,,1
Toydaria,4,,,,1
Toydaria,5,,,,1
Toydaria,6,,,,1
Toydaria,7,,,,1
Trandosha,1,Empire,Generate_Force,1,
Trandosha,2,,,,
Trandosha,3,,,,2
Trandosha,4,,,,2
Trandosha,5,,,,2
Trandosha,6,,,,2
Trandosha,7,,,,2
Transitory_Mists_I,1,Hapes_Consortium,Generate_Force,1,
Transitory_Mists_I,2,,,,1
Transitory_Mists_I,3,,,,1
Transitory_Mists_I,4,,,,1
Transitory_Mists_I,5,,,,1
Transitory_Mists_I,6,,,,1
Transitory_Mists_I,7,,,,1
Transitory_Mists_II,1,Hapes_Consortium,Generate_Force,1,
Transitory_Mists_II,2,,,,1
Transitory_Mists_II,3,,,,1
Transitory_Mists_II,4,,,,1
Transitory_Mists_II,5,,,,1
Transitory_Mists_II,6,,,,1
Transitory_Mists_II,7,,,,1
Transitory_Mists_III,1,Hapes_Consortium,Generate_Force,1,
Transitory_Mists_III,2,,,,1
Transitory_Mists_III,3,,,,1
Transitory_Mists_III,4,,,,1
Transitory_Mists_III,5,,,,1
Transitory_Mists_III,6,,,,1
Transitory_Mists_III,7,,,,1
Traval_Pacor,1,Empire,Generate_Force,1,
Traval_Pacor,2,,,,1
Traval_Pacor,3,,,,1
Traval_Pacor,4,,,,1
Traval_Pacor,5,,,,1
Traval_Pacor,6,,,,1
Traval_Pacor,7,,,,1
Trian,1,Independent_Forces,Generate_Force,1,
Trian,2,,,,1
Trian,3,,,,1
Trian,4,,,,1
Trian,5,,,,1
Trian,6,,,,1
Trian,7,,,,1
Triton,1,Independent_Forces,Generate_Force,1,
Triton,2,,,,1
Triton,3,,,,1
Triton,4,,,,1
Triton,5,,,,1
Triton,6,,,,1
Triton,7,,,,1
Troukree,1,EmpireoftheHand,Generate_Force,1,
Troukree,2,,,,1
Troukree,3,,,,1
Troukree,4,,,,1
Troukree,5,,,,1
Troukree,6,,,,1
Troukree,7,,,,1
Tulpaa,1,Independent_Forces,Generate_Force,1,
Tulpaa,2,,,,1
Tulpaa,3,,,,1
Tulpaa,4,,,,1
Tulpaa,5,,,,1
Tulpaa,6,,,,1
Tulpaa,7,,,,1
Turak,1,Empire,Generate_Force,1,
Turak,2,Rebel,Generate_Force,1,
Turak,3,,,,2
Turak,4,,,,2
Turak,5,,,,2
Turak,6,,,,2
Turak,7,,,,2
Turcan,1,Independent_Forces,Generate_Force,1,
Turcan,2,Rebel,Generate_Force,1,
Turcan,3,,,,2
Turcan,4,,,,2
Turcan,5,,,,2
Turcan,6,,,,2
Turcan,7,,,,2
Turkana,1,Rebel,Generate_Force,1,
Turkana,2,,,,1
Turkana,3,,,,1
Turkana,4,,,,1
Turkana,5,,,,1
Turkana,6,,,,1
Turkana,7,,,,1
Tuskens_Eye,1,Killik_Hives,Generate_Force,1,
Tuskens_Eye,2,,,,1
Tuskens_Eye,3,,,,1
Tuskens_Eye,4,,,,1
Tuskens_Eye,5,,,,1
Tuskens_Eye,6,,,,1
Tuskens_Eye,7,,,,1
Twilight_Void,1,Underworld,Generate_Force,1,
Twilight_Void,2,,,,1
Twilight_Void,3,,,,1
Twilight_Void,4,,,,1
Twilight_Void,5,,,,1
Twilight_Void,6,,,,1
Twilight_Void,7,,,,1
Tyan,1,Empire,Generate_Force,1,
Tyan,2,,,,1
Tyan,3,,,,1
Tyan,4,Rebel,Generate_Force,1,
Tyan,5,,,,1
Tyan,6,,,,1
Tyan,7,,,,1
Tynna,1,Rebel,Generate_Force,1,
Tynna,2,,,,1
Tynna,3,,,,1
Tynna,4,,,,1
Tynna,5,,,,1
Tynna,6,,,,1
Tynna,7,,,,1
Ubrikkia,1,Hutt_Cartels,Generate_Force,1,
Ubrikkia,2,,,,1
Ubrikkia,3,,,,1
Ubrikkia,4,,,,1
Ubrikkia,5,,,,1
Ubrikkia,6,,,,1
Ubrikkia,7,,,,1
Udray,1,Empire,Generate_Force,1,
Udray,2,,,,1
Udray,3,Rebel,Generate_Force,1,
Udray,4,,,,3
Udray,5,,,,3
Udray,6,,,,3
Udray,7,,,,3
Ukio,1,Empire,Generate_Force,1,
Ukio,2,Rebel,Generate_Force,1,
Ukio,3,,,,2
Ukio,4,,,,2
Ukio,5,,,,2
Ukio,6,,,,2
Ukio,7,,,,2
Ulda_Frav,1,Empire,Generate_Force,1,
Ulda_Frav,2,,,,1
Ulda_Frav,3,Rebel,Generate_Force,1,
Ulda_Frav,4,,,,3
Ulda_Frav,5,,,,3
Ulda_Frav,6,,,,3
Ulda_Frav,7,,,,3
Ulicia,1,Corporate_Sector,Generate_Force,1,
Ulicia,2,Zsinj_Empire,Generate_Force,1,
Ulicia,3,,,,1
Ulicia,4,,,,1
Ulicia,5,,,,1
Ulicia,6,,,,1
Ulicia,7,,,,1
Umbara,1,Empire,Generate_Force,1,
Umbara,2,Warlords,Generate_Force,1,
Umbara,3,,,,2
Umbara,4,,,,2
Umbara,5,,,,2
Umbara,6,,,,2
Umbara,7,,,,2
Utapau,1,Eriadu_Authority,Generate_Force,1,
Utapau,2,Rebel,Generate_Force,1,
Utapau,3,,,,2
Utapau,4,,,,2
Utapau,5,,,,2
Utapau,6,,,,2
Utapau,7,,,,2
Utegetu_Nebula,1,Killik_Hives,Generate_Force,1,
Utegetu_Nebula,2,,,,1
Utegetu_Nebula,3,,,,1
Utegetu_Nebula,4,,,,1
Utegetu_Nebula,5,,,,1
Utegetu_Nebula,6,,,,1
Utegetu_Nebula,7,,,,1
Vagar_Praxut,1,Independent_Forces,Generate_Force,1,
Vagar_Praxut,2,,,,1
Vagar_Praxut,3,,,,1
Vagar_Praxut,4,,,,1
Vagar_Praxut,5,,,,1
Vagar_Praxut,6,,,,1
Vagar_Praxut,7,,,,1
Vaklin,1,Empire,Generate_Force,1,
Vaklin,2,,,,1
Vaklin,3,Rebel,Generate_Force,1,
Vaklin,4,,,,3
Vaklin,5,,,,3
Vaklin,6,,,,3
Vaklin,7,,,,3
Valahari,1,Empire,Generate_Force,1,
Valahari,2,Zsinj_Empire,Generate_Force,1,
Valahari,3,,,,1
Valahari,4,,,,1
Valahari,5,,,,1
Valahari,6,,,,1
Valahari,7,,,,1
Valc,1,Pentastar,Generate_Force,1,
Valc,2,,,,1
Valc,3,,,,1
Valc,4,,,,1
Valc,5,,,,1
Valc,6,,,,1
Valc,7,Empire,Generate_Force,1,
Vanquo,1,Zsinj_Empire,Generate_Force,1,
Vanquo,2,,,,1
Vanquo,3,Empire,Generate_Force,1,
Vanquo,4,,,,3
Vanquo,5,,,,3
Vanquo,6,,,,3
Vanquo,7,,,,3
Vena,1,Empire,Generate_Force,1,
Vena,2,,,,1
Vena,3,Rebel,Generate_Force,1,
Vena,4,,,,3
Vena,5,,,,3
Vena,6,,,,3
Vena,7,,,,3
Vergesso,1,Independent_Forces,Generate_Force,1,
Vergesso,2,,,,1
Vergesso,3,,,,1
Vergesso,4,,,,1
Vergesso,5,,,,1
Vergesso,6,,,,1
Vergesso,7,,,,1
Veroleem,1,Empire,Generate_Force,1,
Veroleem,2,,,,1
Veroleem,3,Warlords,Generate_Force,1,
Veroleem,4,,,,3
Veroleem,5,,,,3
Veroleem,6,,,,3
Veroleem,7,,,,3
Vjun,1,Zsinj_Empire,Generate_Force,1,
Vjun,2,,,,1
Vjun,3,Warlords,Generate_Force,1,
Vjun,4,,,,3
Vjun,5,,,,3
Vjun,6,,,,3
Vjun,7,,,,3
Volik,1,Independent_Forces,Generate_Force,1,
Volik,2,,,,1
Volik,3,,,,1
Volik,4,,,,1
Volik,5,,,,1
Volik,6,,,,1
Volik,7,,,,1
Vondarc,1,Eriadu_Authority,Generate_Force,1,
Vondarc,2,,,,1
Vondarc,3,Rebel,Generate_Force,1,
Vondarc,4,,,,3
Vondarc,5,,,,3
Vondarc,6,,,,3
Vondarc,7,,,,3
Vorpaya,1,Mandalorians,Generate_Force,1,
Vorpaya,2,,,,1
Vorpaya,3,,,,1
Vorpaya,4,,,,1
Vorpaya,5,,,,1
Vorpaya,6,,,,1
Vorpaya,7,,,,1
Vortex,1,Empire,Generate_Force,1,
Vortex,2,,,,1
Vortex,3,Rebel,Generate_Force,1,
Vortex,4,,,,3
Vortex,5,,,,3
Vortex,6,,,,3
Vortex,7,,,,3
Vorzyd,1,Greater_Maldrood,Generate_Force,1,
Vorzyd,2,,,,1
Vorzyd,3,Empire,Generate_Force,1,
Vorzyd,4,,,,3
Vorzyd,5,,,,3
Vorzyd,6,Rebel,Generate_Force,1,
Vorzyd,7,,,,6
Vrosynri,1,Empire,Generate_Force,1,
Vrosynri,2,Warlords,Generate_Force,1,
Vrosynri,3,,,,1
Vrosynri,4,,,,1
Vrosynri,5,,,,2
Vrosynri,6,,,,2
Vrosynri,7,,,,1
Vsett,1,SsiRuuvi_Imperium,Generate_Force,1,
Vsett,2,,,,1
Vsett,3,,,,1
Vsett,4,,,,1
Vsett,5,,,,1
Vsett,6,,,,1
Vsett,7,,,,1
Vulpter,1,Empire,Generate_Force,1,
Vulpter,2,,,,1
Vulpter,3,,,,1
Vulpter,4,,,,1
Vulpter,5,Rebel,Generate_Force,1,
Vulpter,6,,,,5
Vulpter,7,,,,5
VunHanna,1,Underworld,Generate_Force,1,
VunHanna,2,,,,1
VunHanna,3,,,,1
VunHanna,4,,,,1
VunHanna,5,,,,1
VunHanna,6,,,,1
VunHanna,7,,,,1
Wayland,4,Rebel,Generate_Force,1,
Wayland,5,,,,4
Wayland,6,,,,4
Wayland,7,,,,4
Wistril,1,Empire,Generate_Force,1,
Wistril,2,,,,1
Wistril,3,,,,1
Wistril,4,,,,1
Wistril,5,,,,1
Wistril,6,,,,1
Wistril,7,,,,1
Woostri,1,Eriadu_Authority,Generate_Force,1,
Woostri,2,Rebel,Generate_Force,1,
Woostri,3,,,,2
Woostri,4,,,,2
Woostri,5,,,,2
Woostri,6,,,,2
Woostri,7,,,,2
Woteba,1,Killik_Hives,Generate_Force,1,
Woteba,2,,,,1
Woteba,3,,,,1
Woteba,4,,,,1
Woteba,5,,,,1
Woteba,6,,,,1
Woteba,7,,,,1
Wroona,1,Eriadu_Authority,Generate_Force,1,
Wroona,2,Corellia,Generate_Force,1,
Wroona,3,,,,2
Wroona,4,,,,2
Wroona,5,,,,2
Wroona,6,,,,2
Wroona,7,,,,2
Wurrif,1,SsiRuuvi_Imperium,Generate_Force,1,
Wurrif,2,,,,1
Wurrif,3,,,,1
Wurrif,4,,,,1
Wurrif,5,,,,1
Wurrif,6,,,,1
Wurrif,7,,,,1
Xa_Fel,1,Empire,Generate_Force,1,
Xa_Fel,2,,,,1
Xa_Fel,3,Rebel,Generate_Force,1,
Xa_Fel,4,,,,3
Xa_Fel,5,,,,3
Xa_Fel,6,,,,3
Xa_Fel,7,,,,3
Xagobah,1,Eriadu_Authority,Generate_Force,1,
Xagobah,2,Rebel,Generate_Force,1,
Xagobah,3,,,,2
Xagobah,4,,,,2
Xagobah,5,,,,2
Xagobah,6,,,,2
Xagobah,7,,,,2
Xeron,1,Eriadu_Authority,Generate_Force,1,
Xeron,2,Rebel,Generate_Force,1,
Xeron,3,,,,2
Xeron,4,,,,2
Xeron,5,,,,2
Xeron,6,,,,2
Xeron,7,,,,2
Xo,1,Independent_Forces,Generate_Force,1,
Xo,2,,,,1
Xo,3,,,,1
Xo,4,,,,1
Xo,5,,,,1
Xo,6,,,,1
Xo,7,,,,1
Yaga_Minor,1,Pentastar,Generate_Force,1,
Yaga_Minor,2,,,,1
Yaga_Minor,3,,,,1
Yaga_Minor,4,,,,1
Yaga_Minor,5,,,,1
Yaga_Minor,6,,,,1
Yaga_Minor,7,Empire,Generate_Force,1,
YagDhul,1,Eriadu_Authority,Generate_Force,1,
YagDhul,2,,,,1
YagDhul,3,Rebel,Generate_Force,1,
YagDhul,4,,,,3
YagDhul,5,,,,3
YagDhul,6,,,,3
YagDhul,7,,,,3
Yashuvhu,1,Independent_Forces,Generate_Force,1,
Yashuvhu,2,,,,1
Yashuvhu,3,,,,1
Yashuvhu,4,,,,1
Yashuvhu,5,,,,1
Yashuvhu,6,,,,1
Yashuvhu,7,,,,1
Yavin,1,Zsinj_Empire,Generate_Force,1,
Yavin,2,Rebel,Generate_Force,1,
Yavin,3,,,,2
Yavin,4,,,,2
Yavin,5,,,,2
Yavin,6,Rebel,Jedi_Temple,1,
Yavin,6,Rebel,Generate_Force,1,
Yavin,7,,,,1
Yinchorr,1,Empire,Generate_Force,1,
Yinchorr,2,,,,1
Yinchorr,3,,,,1
Yinchorr,4,,,,1
Yinchorr,5,,,,1
Yinchorr,6,Rebel,Generate_Force,1,
Yinchorr,7,,,,6
Ylesia,1,Hutt_Cartels,Generate_Force,1,
Ylesia,2,,,,1
Ylesia,3,,,,1
Ylesia,4,,,,1
Ylesia,5,,,,1
Ylesia,6,,,,1
Ylesia,7,,,,1
Yoggoy,1,Killik_Hives,Generate_Force,1,
Yoggoy,2,,,,1
Yoggoy,3,,,,1
Yoggoy,4,,,,1
Yoggoy,5,,,,1
Yoggoy,6,,,,1
Yoggoy,7,,,,1
Zakuul,1,Independent_Forces,Generate_Force,1,
Zakuul,2,,,,1
Zakuul,3,,,,1
Zakuul,4,,,,1
Zakuul,5,,,,1
Zakuul,6,,,,1
Zakuul,7,,,,1
Zanbar,1,Mandalorians,Generate_Force,1,
Zanbar,2,,,,1
Zanbar,3,,,,1
Zanbar,4,,,,1
Zanbar,5,,,,1
Zanbar,6,,,,1
Zanbar,7,,,,1
Zeltros,1,Empire,Generate_Force,1,
Zeltros,2,Rebel,Generate_Force,1,
Zeltros,3,,,,2
Zeltros,4,,,,2
Zeltros,5,,,,2
Zeltros,6,,,,2
Zeltros,7,,,,2
Zfell,1,Yevetha,Generate_Force,1,
Zfell,2,,,,1
Zfell,3,,,,1
Zfell,4,,,,1
Zfell,5,,,,1
Zfell,6,,,,1
Zfell,7,,,,1
Zolan,1,Warlords,Generate_Force,1,
Zolan,2,,,,1
Zolan,3,Rebel,Generate_Force,1,
Zolan,4,Empire,Generate_Force,1,
Zolan,5,,,,1
Zolan,6,,,,1
Zolan,7,,,,1
Zonama,1,Underworld,Generate_Force,1,
Zonama,2,,,,1
Zonama,3,,,,1
Zonama,4,,,,1
Zonama,5,,,,1
Zonama,6,,,,1
Zonama,7,,,,1
Zongorlu,1,Empire,Generate_Force,1,
Zongorlu,2,,,,1
Zongorlu,3,,,,1
Zongorlu,4,,,,1
Zongorlu,5,,,,1
Zongorlu,6,,,,1
Zongorlu,7,,,,1
