Planet,Era,Owner,ObjectType,Amount,ReuseEra
Aargau,1,Empire,Generate_Force,1,
Aargau,2,,,,1
Aargau,3,,,,1
Aargau,4,,,,1
Aargau,5,,,,1
Aargau,6,,,,1
Aargonar,1,Empire,Generate_Force,1,
Aargonar,2,,,,1
Aargonar,3,,,,1
Aargonar,4,Rebel,Generate_Force,1,
Aargonar,5,,,,4
Aargonar,6,,,,4
Abhean,1,Underworld,Generate_Force,1,
Abhean,2,,,,1
Abhean,3,,,,1
Abhean,4,Rebel,Generate_Force,1,
Abhean,5,,,,4
Abhean,6,,,,4
Abregado_Rae,1,Empire,Generate_Force,1,
Abregado_Rae,2,,,,1
Abregado_Rae,3,,,,1
Abregado_Rae,4,,,,1
Abregado_Rae,5,,,,1
Abregado_Rae,6,,,,1
Abridon,1,Independent_Forces,Generate_Force,1,
Abridon,2,,,,1
Abridon,3,,,,1
Abridon,4,,,,1
Abridon,5,,,,1
Abridon,6,,,,1
Abyss,1,Independent_Forces,Generate_Force,1,
Abyss,2,,,,1
Abyss,3,Underworld,Generate_Force,1,
Abyss,4,Rebel,Generate_Force,1,
Abyss,5,,,,1
Abyss,6,,,,1
Adumar,1,Independent_Forces,Generate_Force,1,
Adumar,2,,,,1
Adumar,3,,,,1
Adumar,4,,,,1
Adumar,5,,,,1
Adumar,6,,,,1
Aeten,1,Independent_Forces,Generate_Force,1,
Aeten,2,,,,1
Aeten,3,,,,1
Aeten,4,,,,1
Aeten,5,,,,1
Aeten,6,,,,1
Agamar,1,Empire,Generate_Force,1,
Agamar,2,,,,1
Agamar,3,,,,1
Agamar,4,Rebel,Generate_Force,1,
Agamar,5,,,,4
Agamar,6,,,,4
Agomar,1,Empire,Generate_Force,1,
Agomar,2,,,,1
Agomar,3,,,,1
Agomar,4,,,,1
Agomar,5,,,,1
Agomar,6,,,,1
Aguarl,1,Mon_Cal_Kingdom,Generate_Force,1,
Aguarl,2,,,,1
Aguarl,3,,,,1
Aguarl,4,,,,1
Aguarl,5,,,,1
Aguarl,6,,,,1
Aikhibba,1,Hutt_Cartels,Generate_Force,1,
Aikhibba,2,,,,1
Aikhibba,3,,,,1
Aikhibba,4,,,,1
Aikhibba,5,,,,1
Aikhibba,6,,,,1
Ailon,1,Independent_Forces,Generate_Force,1,
Ailon,2,,,,1
Ailon,3,,,,1
Ailon,4,,,,1
Ailon,5,,,,1
Ailon,6,,,,1
Alaris,1,Independent_Forces,Generate_Force,1,
Alaris,2,,,,1
Alaris,3,,,,1
Alaris,4,,,,1
Alaris,5,,,,1
Alaris,6,,,,1
Alderaan,1,Empire,Generate_Force,1,
Alderaan,2,,,,1
Alderaan,3,,,,1
Alderaan,4,,,,1
Alderaan,5,,,,1
Alderaan,6,,,,1
Allanteen,1,Empire,Generate_Force,1,
Allanteen,2,,,,1
Allanteen,3,,,,1
Allanteen,4,,,,1
Allanteen,5,Rebel,Generate_Force,1,
Allanteen,6,,,,5
Allyuen,1,Independent_Forces,Generate_Force,1,
Allyuen,2,,,,1
Allyuen,3,,,,1
Allyuen,4,,,,1
Allyuen,5,,,,1
Allyuen,6,,,,1
Almania,1,Independent_Forces,Generate_Force,1,
Almania,2,,,,1
Almania,3,,,,1
Almania,4,,,,1
Almania,5,,,,1
Almania,6,,,,1
Alpheridies,1,Empire,Generate_Force,1,
Alpheridies,2,,,,1
Alpheridies,3,Underworld,Generate_Force,1,
Alpheridies,4,Rebel,Generate_Force,1,
Alpheridies,5,,,,4
Alpheridies,6,,,,4
Alsakan,1,Empire,Generate_Force,1,
Alsakan,2,,,,1
Alsakan,3,,,,1
Alsakan,4,,,,1
Alsakan,5,,,,1
Alsakan,6,,,,1
Althir,1,Independent_Forces,Generate_Force,1,
Althir,2,,,,1
Althir,3,Underworld,Generate_Force,1,
Althir,4,Rebel,Generate_Force,1,
Althir,5,,,,4
Althir,6,,,,1
Alzoc,1,Independent_Forces,Generate_Force,1,
Alzoc,2,,,,1
Alzoc,3,,,,1
Alzoc,4,,,,1
Alzoc,5,,,,1
Alzoc,6,,,,1
Ambria,1,Rebel,Generate_Force,1,
Ambria,2,,,,1
Ambria,3,,,,1
Ambria,4,,,,1
Ambria,5,,,,1
Ambria,6,,,,1
Anaxes,1,Empire,Generate_Force,1,
Anaxes,2,,,,1
Anaxes,3,,,,1
Anaxes,4,,,,1
Anaxes,5,,,,1
Anaxes,6,,,,1
Andara,1,Empire,Generate_Force,1,
Andara,2,,,,1
Andara,3,,,,1
Andara,4,,,,1
Andara,5,,,,1
Andara,6,,,,1
Ando,1,Krath,Generate_Force,1,
Ando,2,,,,1
Ando,3,,,,1
Ando,4,,,,1
Ando,5,,,,1
Ando,6,,,,1
Ando_Prime,1,Krath,Generate_Force,1,
Ando_Prime,2,,,,1
Ando_Prime,3,Empire,Generate_Force,1,
Ando_Prime,4,,,,3
Ando_Prime,5,,,,3
Ando_Prime,6,,,,3
Annaj,1,Independent_Forces,Generate_Force,1,
Annaj,2,,,,1
Annaj,3,,,,1
Annaj,4,,,,1
Annaj,5,,,,1
Annaj,6,,,,1
Anoat,1,Independent_Forces,Generate_Force,1,
Anoat,2,,,,1
Anoat,3,,,,1
Anoat,4,,,,1
Anoat,5,,,,1
Anoat,6,,,,1
Ansion,1,Independent_Forces,Generate_Force,1,
Ansion,2,,,,1
Ansion,3,,,,1
Ansion,4,,,,1
Ansion,5,,,,1
Ansion,6,,,,1
Antar,1,Empire,Generate_Force,1,
Antar,2,,,,1
Antar,3,,,,1
Antar,4,,,,1
Antar,5,,,,1
Antar,6,,,,1
Antemeridias,1,Empire,Generate_Force,1,
Antemeridias,2,,,,1
Antemeridias,3,,,,1
Antemeridias,4,Rebel,Generate_Force,1,
Antemeridias,5,,,,4
Antemeridias,6,,,,4
Anx_Minor,1,Independent_Forces,Generate_Force,1,
Anx_Minor,2,,,,1
Anx_Minor,3,,,,1
Anx_Minor,4,,,,1
Anx_Minor,5,,,,1
Anx_Minor,6,,,,1
Arda,1,Independent_Forces,Generate_Force,1,
Arda,2,,,,1
Arda,3,Underworld,Generate_Force,1,
Arda,4,Rebel,Generate_Force,1,
Arda,5,,,,4
Arda,6,,,,4
Ardis,1,Empire,Generate_Force,1,
Ardis,2,,,,1
Ardis,3,,,,1
Ardis,4,,,,1
Ardis,5,,,,1
Ardis,6,,,,1
Argazda,1,Empire,Generate_Force,1,
Argazda,2,Independent_Forces,Generate_Force,1,
Argazda,3,,,,2
Argazda,4,,,,2
Argazda,5,,,,2
Argazda,6,,,,2
Arized,1,Independent_Forces,Generate_Force,1,
Arized,2,,,,1
Arized,3,,,,1
Arized,4,,,,1
Arized,5,,,,1
Arized,6,,,,1
Arkania,1,Empire,Generate_Force,1,
Arkania,2,,,,1
Arkania,3,,,,1
Arkania,4,,,,1
Arkania,5,,,,1
Arkania,6,,,,1
Aruza,1,Independent_Forces,Generate_Force,1,
Aruza,2,,,,1
Aruza,3,,,,1
Aruza,4,,,,1
Aruza,5,,,,1
Aruza,6,,,,1
Atchorb,1,Independent_Forces,Generate_Force,1,
Atchorb,2,,,,1
Atchorb,3,,,,1
Atchorb,4,,,,1
Atchorb,5,,,,1
Atchorb,6,,,,1
Athiss,1,Rebel,Generate_Force,1,
Athiss,2,,,,1
Athiss,3,,,,1
Athiss,4,,,,1
Athiss,5,,,,1
Athiss,6,,,,1
Atravis,1,Rebel,Generate_Force,1,
Atravis,2,,,,1
Atravis,3,,,,1
Atravis,4,,,,1
Atravis,5,,,,1
Atravis,6,Sith_Warlords,Generate_Force,1,
Attahox,1,Krath,Generate_Force,1,
Attahox,2,,,,1
Attahox,3,,,,1
Attahox,4,,,,1
Attahox,5,,,,1
Attahox,6,,,,1
Aturi,1,Independent_Forces,Generate_Force,1,
Aturi,2,,,,1
Aturi,3,,,,1
Aturi,4,,,,1
Aturi,5,,,,1
Aturi,6,,,,1
Atzerri,1,Independent_Forces,Generate_Force,1,
Atzerri,2,,,,1
Atzerri,3,,,,1
Atzerri,4,Rebel,Generate_Force,1,
Atzerri,5,,,,4
Atzerri,6,Sith_Warlords,Generate_Force,1,
Axxila,1,Empire,Generate_Force,1,
Axxila,2,,,,1
Axxila,3,Underworld,Generate_Force,1,
Axxila,4,Rebel,Generate_Force,1,
Axxila,5,,,,4
Axxila,6,,,,4
Azure,1,Independent_Forces,Generate_Force,1,
Azure,2,,,,1
Azure,3,Underworld,Generate_Force,1,
Azure,4,Rebel,Generate_Force,1,
Azure,5,,,,4
Azure,6,,,,4
Bajic,1,Independent_Forces,Generate_Force,1,
Bajic,2,,,,1
Bajic,3,,,,1
Bajic,4,,,,1
Bajic,5,,,,1
Bajic,6,,,,1
Bakura,1,Independent_Forces,Generate_Force,1,
Bakura,2,,,,1
Bakura,3,,,,1
Bakura,4,,,,1
Bakura,5,,,,1
Bakura,6,,,,1
Balamak,1,Empire,Generate_Force,1,
Balamak,2,,,,1
Balamak,3,,,,1
Balamak,4,Rebel,Generate_Force,1,
Balamak,5,,,,4
Balamak,6,,,,4
Balmorra,1,Empire,Generate_Force,1,
Balmorra,2,,,,1
Balmorra,3,,,,1
Balmorra,4,,,,1
Balmorra,5,,,,1
Balmorra,6,,,,1
Bandomeer,1,Empire,Generate_Force,1,
Bandomeer,2,Underworld,Generate_Force,1,
Bandomeer,3,,,,2
Bandomeer,4,,,,1
Bandomeer,5,,,,1
Bandomeer,6,,,,1
Bannistar,1,Independent_Forces,Generate_Force,1,
Bannistar,2,,,,1
Bannistar,3,,,,1
Bannistar,4,,,,1
Bannistar,5,,,,1
Bannistar,6,,,,1
Barab,1,Hutt_Cartels,Generate_Force,1,
Barab,2,,,,1
Barab,3,,,,1
Barab,4,,,,1
Barab,5,,,,1
Barab,6,,,,1
Barkhesh,1,Independent_Forces,Generate_Force,1,
Barkhesh,2,,,,1
Barkhesh,3,,,,1
Barkhesh,4,,,,1
Barkhesh,5,,,,1
Barkhesh,6,,,,1
Barlok,1,Independent_Forces,Generate_Force,1,
Barlok,2,,,,1
Barlok,3,,,,1
Barlok,4,,,,1
Barlok,5,,,,1
Barlok,6,,,,1
Basilisk,1,Underworld,Generate_Force,1,
Basilisk,2,,,,1
Basilisk,3,,,,1
Basilisk,4,Empire,Generate_Force,1,
Basilisk,5,,,,4
Basilisk,6,,,,4
Bassadro,1,Rebel,Generate_Force,1,
Bassadro,2,Empire,Generate_Force,1,
Bassadro,3,,,,2
Bassadro,4,,,,1
Bassadro,5,,,,1
Bassadro,6,,,,1
Bastion,1,Independent_Forces,Generate_Force,1,
Bastion,2,,,,1
Bastion,3,,,,1
Bastion,4,,,,1
Bastion,5,,,,1
Bastion,6,,,,1
Bazaar,1,Independent_Forces,Generate_Force,1,
Bazaar,2,,,,1
Bazaar,3,,,,1
Bazaar,4,,,,1
Bazaar,5,,,,1
Bazaar,6,,,,1
Begeren,1,Rebel,Generate_Force,1,
Begeren,2,,,,1
Begeren,3,,,,1
Begeren,4,,,,1
Begeren,5,,,,1
Begeren,6,,,,1
Belasco,1,Krath,Generate_Force,1,
Belasco,2,,,,1
Belasco,3,,,,1
Belasco,4,,,,1
Belasco,5,,,,1
Belasco,6,,,,1
Belderone,1,Krath,Generate_Force,1,
Belderone,2,,,,1
Belderone,3,,,,1
Belderone,4,Rebel,Generate_Force,1,
Belderone,5,,,,4
Belderone,6,,,,4
Belkadan,1,Empire,Generate_Force,1,
Belkadan,2,,,,1
Belkadan,3,,,,1
Belkadan,4,,,,1
Belkadan,5,,,,1
Belkadan,6,,,,1
Belsavis,1,Empire,Generate_Force,1,
Belsavis,2,,,,1
Belsavis,3,,,,1
Belsavis,4,,,,1
Belsavis,5,,,,1
Belsavis,6,,,,1
Belsmuth,1,Empire,Generate_Force,1,
Belsmuth,2,Underworld,Generate_Force,1,
Belsmuth,3,,,,2
Belsmuth,4,,,,1
Belsmuth,5,,,,1
Belsmuth,6,,,,1
Berrols_Donn,1,Independent_Forces,Generate_Force,1,
Berrols_Donn,2,,,,1
Berrols_Donn,3,,,,1
Berrols_Donn,4,,,,1
Berrols_Donn,5,,,,1
Berrols_Donn,6,,,,1
Bescane,1,Empire,Generate_Force,1,
Bescane,2,,,,1
Bescane,3,,,,1
Bescane,4,,,,1
Bescane,5,,,,1
Bescane,6,Sector_Forces,Generate_Force,1,
Bespin,1,Krath,Generate_Force,1,
Bespin,2,,,,1
Bespin,3,Underworld,Generate_Force,1,
Bespin,4,,,,3
Bespin,5,,,,3
Bilbringi,1,Empire,Generate_Force,1,
Bilbringi,2,,,,1
Bilbringi,3,,,,1
Bilbringi,4,,,,1
Bilbringi,5,,,,1
Bilbringi,6,,,,1
Bimmisaari,1,Empire,Generate_Force,1,
Bimmisaari,2,,,,1
Bimmisaari,3,Underworld,Generate_Force,1,
Bimmisaari,4,Rebel,Generate_Force,1,
Bimmisaari,5,,,,4
Bimmisaari,6,,,,4
Bknos,1,Independent_Forces,Generate_Force,1,
Bknos,2,,,,1
Bknos,3,,,,1
Bknos,4,,,,1
Bknos,5,,,,1
Bknos,6,,,,1
Bogden,1,Empire,Generate_Force,1,
Bogden,2,,,,1
Bogden,3,,,,1
Bogden,4,,,,1
Bogden,5,,,,1
Bogden,6,,,,1
Bogo_Rai,1,Chiss,Generate_Force,1,
Bogo_Rai,2,,,,1
Bogo_Rai,3,,,,1
Bogo_Rai,4,,,,1
Bogo_Rai,5,,,,1
Bogo_Rai,6,,,,1
Bomis_Koori,1,Empire,Generate_Force,1,
Bomis_Koori,2,,,,1
Bomis_Koori,3,,,,1
Bomis_Koori,4,Rebel,Generate_Force,1,
Bomis_Koori,5,,,,4
Bomis_Koori,6,,,,4
Bompreil,1,Independent_Forces,Generate_Force,1,
Bompreil,2,,,,1
Bompreil,3,Underworld,Generate_Force,1,
Bompreil,4,Rebel,Generate_Force,1,
Bompreil,5,,,,4
Bompreil,6,,,,4
Bonadan,1,Independent_Forces,Generate_Force,1,
Bonadan,2,,,,1
Bonadan,3,,,,1
Bonadan,4,,,,1
Bonadan,5,,,,1
Bonadan,6,,,,1
Boonta,1,Hutt_Cartels,Generate_Force,1,
Boonta,2,,,,1
Boonta,3,Underworld,Generate_Force,1,
Boonta,4,,,,1
Boonta,5,,,,1
Boonta,6,,,,1
Bormus,1,Empire,Generate_Force,1,
Bormus,2,,,,1
Bormus,3,,,,1
Bormus,4,,,,1
Bormus,5,,,,1
Bormus,6,,,,1
Borosk,1,Independent_Forces,Generate_Force,1,
Borosk,2,,,,1
Borosk,3,,,,1
Borosk,4,,,,1
Borosk,5,,,,1
Borosk,6,,,,1
Botajef,1,Empire,Generate_Force,1,
Botajef,2,,,,1
Botajef,3,,,,1
Botajef,4,,,,1
Botajef,5,,,,1
Botajef,6,,,,1
Bothawui,1,Empire,Generate_Force,1,
Bothawui,2,,,,1
Bothawui,3,,,,1
Bothawui,4,,,,1
Bothawui,5,,,,1
Bothawui,6,,,,1
Boz_Pity,1,Hutt_Cartels,Generate_Force,1,
Boz_Pity,2,,,,1
Boz_Pity,3,Underworld,Generate_Force,1,
Boz_Pity,4,,,,1
Boz_Pity,5,,,,1
Boz_Pity,6,,,,1
Bpfassh,1,Empire,Generate_Force,1,
Bpfassh,2,,,,1
Bpfassh,3,,,,1
Bpfassh,4,,,,1
Bpfassh,5,,,,1
Bpfassh,6,,,,1
Brentaal,1,Empire,Generate_Force,1,
Brentaal,2,,,,1
Brentaal,3,,,,1
Brentaal,4,,,,1
Brentaal,5,,,,1
Brentaal,6,,,,1
Bresnia,1,Empire,Generate_Force,1,
Bresnia,2,,,,1
Bresnia,3,,,,1
Bresnia,4,,,,1
Bresnia,5,,,,1
Bresnia,6,,,,1
Brigia,1,Empire,Generate_Force,1,
Brigia,2,,,,1
Brigia,3,,,,1
Brigia,4,,,,1
Brigia,5,,,,1
Brigia,6,,,,1
Burnin_Konn,1,Independent_Forces,Generate_Force,1,
Burnin_Konn,2,,,,1
Burnin_Konn,3,,,,1
Burnin_Konn,4,,,,1
Burnin_Konn,5,,,,1
Burnin_Konn,6,,,,1
Byblos,1,Empire,Generate_Force,1,
Byblos,2,,,,1
Byblos,3,,,,1
Byblos,4,Rebel,Generate_Force,1,
Byblos,5,,,,4
Byblos,6,Sith_Warlords,Generate_Force,1,
Byss,1,Independent_Forces,Generate_Force,1,
Byss,2,,,,1
Byss,3,,,,1
Byss,4,,,,1
Byss,5,,,,1
Byss,6,,,,1
Caamas,1,Empire,Generate_Force,1,
Caamas,2,,,,1
Caamas,3,,,,1
Caamas,4,,,,1
Caamas,5,,,,1
Caamas,6,,,,1
Cal_Seti,1,Independent_Forces,Generate_Force,1,
Cal_Seti,2,,,,1
Cal_Seti,3,,,,1
Cal_Seti,4,,,,1
Cal_Seti,5,,,,1
Cal_Seti,6,,,,1
Calonica,1,Empire,Generate_Force,1,
Calonica,2,,,,1
Calonica,3,,,,1
Calonica,4,,,,1
Calonica,5,,,,1
Calonica,6,,,,1
Carida,1,Empire,Generate_Force,1,
Carida,2,,,,1
Carida,3,,,,1
Carida,4,,,,1
Carida,5,,,,1
Carida,6,,,,1
Carosi,1,Empire,Generate_Force,1,
Carosi,2,,,,1
Carosi,3,,,,1
Carosi,4,,,,1
Carosi,5,Rebel,Generate_Force,1,
Carosi,6,,,,5
Carrivar,1,Independent_Forces,Generate_Force,1,
Carrivar,2,,,,1
Carrivar,3,,,,1
Carrivar,4,,,,1
Carrivar,5,,,,1
Carrivar,6,,,,1
Cartao,1,Underworld,Generate_Force,1,
Cartao,2,,,,1
Cartao,3,,,,1
Cartao,4,Empire,Generate_Force,1,
Cartao,5,,,,4
Cartao,6,,,,4
Casfield,1,Independent_Forces,Generate_Force,1,
Casfield,2,,,,1
Casfield,3,,,,1
Casfield,4,Rebel,Generate_Force,1,
Casfield,5,,,,4
Casfield,6,,,,4
Castell,1,Empire,Generate_Force,1,
Castell,2,,,,1
Castell,3,,,,1
Castell,4,Rebel,Generate_Force,1,
Castell,5,,,,4
Castell,6,,,,1
Cathar,1,Independent_Forces,Generate_Force,1,
Cathar,2,,,,1
Cathar,3,Underworld,Generate_Force,1,
Cathar,4,,,,1
Cathar,5,,,,1
Cathar,6,,,,1
Catlia,1,Chiss,Generate_Force,1,
Catlia,2,,,,1
Catlia,3,,,,1
Catlia,4,,,,1
Catlia,5,,,,1
Catlia,6,,,,1
Cato_Neimoidia,1,Empire,Generate_Force,1,
Cato_Neimoidia,2,,,,1
Cato_Neimoidia,3,,,,1
Cato_Neimoidia,4,,,,1
Cato_Neimoidia,5,,,,1
Cato_Neimoidia,6,,,,1
Cattamascar,1,Independent_Forces,Generate_Force,1,
Cattamascar,2,,,,1
Cattamascar,3,,,,1
Cattamascar,4,,,,1
Cattamascar,5,,,,1
Cattamascar,6,,,,1
Cejansij,1,Hutt_Cartels,Generate_Force,1,
Cejansij,2,,,,1
Cejansij,3,,,,1
Cejansij,4,,,,1
Cejansij,5,,,,1
Cejansij,6,,,,1
Celanon,1,Underworld,Generate_Force,1,
Celanon,2,,,,1
Celanon,3,,,,1
Celanon,4,Rebel,Generate_Force,1,
Celanon,5,,,,4
Celanon,6,,,,4
Celwis,1,Chiss,Generate_Force,1,
Celwis,2,,,,1
Celwis,3,,,,1
Celwis,4,,,,1
Celwis,5,,,,1
Celwis,6,,,,1
Centares,1,Empire,Generate_Force,1,
Centares,2,,,,1
Centares,3,,,,1
Centares,4,Rebel,Generate_Force,1,
Centares,5,,,,4
Centares,6,,,,4
Cerea,1,Independent_Forces,Generate_Force,1,
Cerea,2,,,,1
Cerea,3,,,,1
Cerea,4,,,,1
Cerea,5,,,,1
Cerea,6,,,,1
Chalcedon,1,Independent_Forces,Generate_Force,1,
Chalcedon,2,,,,1
Chalcedon,3,,,,1
Chalcedon,4,,,,1
Chalcedon,5,,,,1
Chalcedon,6,,,,1
Champala,1,Empire,Generate_Force,1,
Champala,2,,,,1
Champala,3,,,,1
Champala,4,,,,1
Champala,5,,,,1
Champala,6,,,,1
Chandrila,1,Empire,Generate_Force,1,
Chandrila,2,,,,1
Chandrila,3,,,,1
Chandrila,4,,,,1
Chandrila,5,,,,1
Chandrila,6,,,,1
Chardaan,1,Empire,Generate_Force,1,
Chardaan,2,,,,1
Chardaan,3,,,,1
Chardaan,4,Rebel,Generate_Force,1,
Chardaan,5,,,,4
Chardaan,6,Sith_Warlords,Generate_Force,1,
Charros,1,Empire,Generate_Force,1,
Charros,2,,,,1
Charros,3,Underworld,Generate_Force,1,
Charros,4,Rebel,Generate_Force,1,
Charros,5,,,,4
Charros,6,,,,4
Charubah,1,Hapes_Consortium,Generate_Force,1,
Charubah,2,,,,1
Charubah,3,,,,1
Charubah,4,,,,1
Charubah,5,,,,1
Charubah,6,,,,1
Chasin,1,Empire,Generate_Force,1,
Chasin,2,,,,1
Chasin,3,,,,1
Chasin,4,Rebel,Generate_Force,1,
Chasin,5,,,,4
Chasin,6,Sith_Warlords,Generate_Force,1,
Chazwa,1,Krath,Generate_Force,1,
Chazwa,2,,,,1
Chazwa,3,,,,1
Chazwa,4,Rebel,Generate_Force,1,
Chazwa,5,Empire,Generate_Force,1,
Chazwa,6,,,,5
Chorax,1,Empire,Generate_Force,1,
Chorax,2,,,,1
Chorax,3,,,,1
Chorax,4,,,,1
Chorax,5,,,,1
Chorax,6,,,,1
Christophsis,1,Empire,Generate_Force,1,
Christophsis,2,,,,1
Christophsis,3,,,,1
Christophsis,4,,,,1
Christophsis,5,,,,1
Christophsis,6,,,,1
Chrondre,1,Independent_Forces,Generate_Force,1,
Chrondre,2,,,,1
Chrondre,3,,,,1
Chrondre,4,,,,1
Chrondre,5,,,,1
Chrondre,6,,,,1
Circumtore,1,Hutt_Cartels,Generate_Force,1,
Circumtore,2,,,,1
Circumtore,3,,,,1
Circumtore,4,,,,1
Circumtore,5,,,,1
Circumtore,6,,,,1
Ciutric,1,Empire,Generate_Force,1,
Ciutric,2,,,,1
Ciutric,3,,,,1
Ciutric,4,,,,1
Ciutric,5,,,,1
Ciutric,6,,,,1
Clakdor,1,Empire,Generate_Force,1,
Clakdor,2,,,,1
Clakdor,3,,,,1
Clakdor,4,,,,1
Clakdor,5,,,,1
Clakdor,6,,,,1
Codian_Moon,1,Independent_Forces,Generate_Force,1,
Codian_Moon,2,,,,1
Codian_Moon,3,,,,1
Codian_Moon,4,,,,1
Codian_Moon,5,,,,1
Codian_Moon,6,,,,1
Colla,1,Empire,Generate_Force,1,
Colla,2,,,,1
Colla,3,,,,1
Colla,4,,,,1
Colla,5,,,,1
Colla,6,,,,1
Columex,1,Tion_Hegemony,Generate_Force,1,
Columex,2,,,,1
Columex,3,Underworld,Generate_Force,1,
Columex,4,Rebel,Generate_Force,1,
Columex,5,,,,4
Columex,6,,,,4
Columus,1,Independent_Forces,Generate_Force,1,
Columus,2,,,,1
Columus,3,,,,1
Columus,4,,,,1
Columus,5,,,,1
Columus,6,,,,1
Comkin,1,Empire,Generate_Force,1,
Comkin,2,,,,1
Comkin,3,,,,1
Comkin,4,,,,1
Comkin,5,,,,1
Comkin,6,,,,1
Commenor,1,Empire,Generate_Force,1,
Commenor,2,,,,1
Commenor,3,Underworld,Generate_Force,1,
Commenor,4,,,,1
Commenor,5,,,,1
Commenor,6,,,,1
Comra,1,Hutt_Cartels,Generate_Force,1,
Comra,2,,,,1
Comra,3,,,,1
Comra,4,,,,1
Comra,5,,,,1
Comra,6,,,,1
Concord_Dawn,1,Underworld,Generate_Force,1,
Concord_Dawn,2,,,,1
Concord_Dawn,3,,,,1
Concord_Dawn,4,,,,1
Concord_Dawn,5,,,,1
Concord_Dawn,6,,,,1
Contruum,1,Empire,Generate_Force,1,
Contruum,2,,,,1
Contruum,3,Underworld,Generate_Force,1,
Contruum,4,Rebel,Generate_Force,1,
Contruum,5,,,,4
Contruum,6,,,,4
Copero,1,Chiss,Generate_Force,1,
Copero,2,,,,1
Copero,3,,,,1
Copero,4,,,,1
Copero,5,,,,1
Copero,6,,,,1
Cophrigin,1,Tion_Hegemony,Generate_Force,1,
Cophrigin,2,,,,1
Cophrigin,3,,,,1
Cophrigin,4,Rebel,Generate_Force,1,
Cophrigin,5,,,,4
Cophrigin,6,,,,4
Corellia,1,Empire,Generate_Force,1,
Corellia,2,,,,1
Corellia,3,,,,1
Corellia,4,Rebel,Generate_Force,1,
Corellia,5,,,,4
Corellia,6,Sith_Warlords,Generate_Force,1,
Cormit,1,Chiss,Generate_Force,1,
Cormit,2,,,,1
Cormit,3,,,,1
Cormit,4,,,,1
Cormit,5,,,,1
Cormit,6,,,,1
Corsin,1,Empire,Generate_Force,1,
Corsin,2,,,,1
Corsin,3,Underworld,Generate_Force,1,
Corsin,4,,,,1
Corsin,5,,,,1
Corsin,6,,,,1
Corthenia,1,Empire,Generate_Force,1,
Corthenia,2,,,,1
Corthenia,3,,,,1
Corthenia,4,,,,1
Corthenia,5,,,,1
Corthenia,6,,,,1
Corulag,1,Empire,Generate_Force,1,
Corulag,2,,,,1
Corulag,3,,,,1
Corulag,4,,,,1
Corulag,5,,,,1
Corulag,6,,,,1
Coruscant,1,Empire,Generate_Force,1,
Coruscant,2,,,,1
Coruscant,3,,,,1
Coruscant,4,,,,1
Coruscant,5,,,,1
Coruscant,6,,,,1
Corvis_Minor,1,Sector_Forces,Generate_Force,1,
Corvis_Minor,2,,,,1
Corvis_Minor,3,,,,1
Corvis_Minor,4,,,,1
Corvis_Minor,5,,,,1
Corvis_Minor,6,,,,1
Crakull,1,Independent_Forces,Generate_Force,1,
Crakull,2,,,,1
Crakull,3,,,,1
Crakull,4,,,,1
Crakull,5,,,,1
Crakull,6,,,,1
Cron_Drift,1,Krath,Generate_Force,1,
Cron_Drift,2,Empire,Generate_Force,1,
Cron_Drift,3,,,,2
Cron_Drift,4,,,,2
Cron_Drift,5,,,,2
Cron_Drift,6,,,,2
Crustai,1,Chiss,Generate_Force,1,
Crustai,2,,,,1
Crustai,3,,,,1
Crustai,4,,,,1
Crustai,5,,,,1
Crustai,6,,,,1
Csaus,1,Chiss,Generate_Force,1,
Csaus,2,,,,1
Csaus,3,,,,1
Csaus,4,,,,1
Csaus,5,,,,1
Csaus,6,,,,1
Csilla,1,Chiss,Generate_Force,1,
Csilla,2,,,,1
Csilla,3,,,,1
Csilla,4,,,,1
Csilla,5,,,,1
Csilla,6,,,,1
Da_Soocha,1,Hutt_Cartels,Generate_Force,1,
Da_Soocha,2,,,,1
Da_Soocha,3,,,,1
Da_Soocha,4,,,,1
Da_Soocha,5,,,,1
Da_Soocha,6,,,,1
Daalang,1,Empire,Generate_Force,1,
Daalang,2,,,,1
Daalang,3,,,,1
Daalang,4,,,,1
Daalang,5,Rebel,Generate_Force,1,
Daalang,6,,,,5
Dagary_Minor,1,Empire,Generate_Force,1,
Dagary_Minor,2,,,,1
Dagary_Minor,3,Underworld,Generate_Force,1,
Dagary_Minor,4,,,,3
Dagary_Minor,5,,,,3
Dagary_Minor,6,,,,3
Dalron,1,Empire,Generate_Force,1,
Dalron,2,,,,1
Dalron,3,Underworld,Generate_Force,1,
Dalron,4,,,,1
Dalron,5,Rebel,Generate_Force,1,
Dalron,6,,,,1
Daluuj,1,Hutt_Cartels,Generate_Force,1,
Daluuj,2,,,,1
Daluuj,3,,,,1
Daluuj,4,,,,1
Daluuj,5,,,,1
Daluuj,6,,,,1
Dantooine,1,Empire,Generate_Force,1,
Dantooine,2,,,,1
Dantooine,3,,,,1
Dantooine,4,,,,1
Dantooine,5,,,,1
Dantooine,6,Sector_Forces,Generate_Force,1,
Danuta,1,Hutt_Cartels,Generate_Force,1,
Danuta,2,,,,1
Danuta,3,,,,1
Danuta,4,,,,1
Danuta,5,,,,1
Danuta,6,,,,1
Darkon,1,Independent_Forces,Generate_Force,1,
Darkon,2,,,,1
Darkon,3,,,,1
Darkon,4,,,,1
Darkon,5,,,,1
Darkon,6,,,,1
Darvannis,1,Hutt_Cartels,Generate_Force,1,
Darvannis,2,,,,1
Darvannis,3,,,,1
Darvannis,4,,,,1
Darvannis,5,,,,1
Darvannis,6,,,,1
Datar,1,Independent_Forces,Generate_Force,1,
Datar,2,,,,1
Datar,3,,,,1
Datar,4,,,,1
Datar,5,,,,1
Datar,6,,,,1
Dathomir,1,Independent_Forces,Generate_Force,1,
Dathomir,2,,,,1
Dathomir,3,,,,1
Dathomir,4,,,,1
Dathomir,5,,,,1
Dathomir,6,,,,1
Deko_Neimoidia,1,Empire,Generate_Force,1,
Deko_Neimoidia,2,,,,1
Deko_Neimoidia,3,,,,1
Deko_Neimoidia,4,,,,1
Deko_Neimoidia,5,,,,1
Deko_Neimoidia,6,,,,1
Delacrix,1,Tion_Hegemony,Generate_Force,1,
Delacrix,2,,,,1
Delacrix,3,,,,1
Delacrix,4,Hutt_Cartels,Generate_Force,1,
Delacrix,5,,,,4
Delacrix,6,,,,4
Dellalt,2,Underworld,Generate_Force,1,
Dellalt,3,,,,2
Dellalt,4,Rebel,Generate_Force,1,
Dellalt,5,,,,4
Dellalt,6,,,,4
Dennogra,1,Tion_Hegemony,Generate_Force,1,
Dennogra,2,,,,1
Dennogra,3,,,,1
Dennogra,4,Hutt_Cartels,Generate_Force,1,
Dennogra,5,,,,1
Dennogra,6,,,,4
Denon,1,Empire,Generate_Force,1,
Denon,2,,,,1
Denon,3,,,,1
Denon,4,,,,1
Denon,5,,,,1
Denon,6,,,,1
Dentaal,1,Empire,Generate_Force,1,
Dentaal,2,,,,1
Dentaal,3,,,,1
Dentaal,4,,,,1
Dentaal,5,,,,1
Dentaal,6,,,,1
Desevro,1,Krath,Generate_Force,1,
Desevro,2,,,,1
Desevro,3,Underworld,Generate_Force,1,
Desevro,4,Rebel,Generate_Force,1,
Desevro,5,,,,4
Desevro,6,,,,4
Devaron,1,Empire,Generate_Force,1,
Devaron,2,,,,1
Devaron,3,,,,1
Devaron,4,,,,1
Devaron,5,,,,1
Devaron,6,,,,1
Dkee,1,Independent_Forces,Generate_Force,1,
Dkee,2,,,,1
Dkee,3,,,,1
Dkee,4,,,,1
Dkee,5,,,,1
Dkee,6,,,,1
Dohiban,1,Sector_Forces,Generate_Force,1,
Dohiban,2,,,,1
Dohiban,3,,,,1
Dohiban,4,,,,1
Dohiban,5,,,,1
Dohiban,6,,,,1
Dolomar,1,Sector_Forces,Generate_Force,1,
Dolomar,2,,,,1
Dolomar,3,,,,1
Dolomar,4,,,,1
Dolomar,5,,,,1
Dolomar,6,,,,1
Doniphon,1,Krath,Generate_Force,1,
Doniphon,2,Underworld,Generate_Force,1,
Doniphon,3,,,,2
Doniphon,4,Rebel,Generate_Force,1,
Doniphon,5,,,,4
Doniphon,6,Sith_Warlords,Generate_Force,1,
Doornik,1,Independent_Forces,Generate_Force,1,
Doornik,2,,,,1
Doornik,3,,,,1
Doornik,4,,,,1
Doornik,5,,,,1
Doornik,6,,,,1
Dorin,1,Empire,Generate_Force,1,
Dorin,2,,,,1
Dorin,3,,,,1
Dorin,4,,,,1
Dorin,5,,,,1
Dorin,6,,,,1
Dravian_Starport,1,Independent_Forces,Generate_Force,1,
Dravian_Starport,2,,,,1
Dravian_Starport,3,,,,1
Dravian_Starport,4,,,,1
Dravian_Starport,5,,,,1
Dravian_Starport,6,,,,1
Dressel,1,Empire,Generate_Force,1,
Dressel,2,,,,1
Dressel,3,,,,1
Dressel,4,,,,1
Dressel,5,,,,1
Dressel,6,,,,1
Dromund,1,Rebel,Generate_Force,1,
Dromund,2,,,,1
Dromund,3,,,,1
Dromund,4,,,,1
Dromund,5,,,,1
Dromund,6,,,,1
Druckenwell,1,Empire,Generate_Force,1,
Druckenwell,2,,,,1
Druckenwell,3,,,,1
Druckenwell,4,,,,1
Druckenwell,5,,,,1
Druckenwell,6,,,,1
Dubrillion,1,Independent_Forces,Generate_Force,1,
Dubrillion,2,,,,1
Dubrillion,3,,,,1
Dubrillion,4,,,,1
Dubrillion,5,,,,1
Dubrillion,6,,,,1
Durace,1,Sector_Forces,Generate_Force,1,
Durace,2,,,,1
Durace,3,,,,1
Durace,4,,,,1
Durace,5,,,,1
Durace,6,,,,1
Duro,1,Empire,Generate_Force,1,
Duro,2,,,,1
Duro,3,Underworld,Generate_Force,1,
Duro,4,Rebel,Generate_Force,1,
Duro,5,,,,4
Duro,6,Sith_Warlords,Generate_Force,1,
Durren,1,Empire,Generate_Force,1,
Durren,2,,,,1
Durren,3,,,,1
Durren,4,,,,1
Durren,5,,,,1
Durren,6,,,,1
Dxun,1,Underworld,Generate_Force,1,
Dxun,2,,,,1
Dxun,3,,,,1
Dxun,4,,,,1
Dxun,5,,,,1
Dxun,6,,,,1
Eiattu,1,Independent_Forces,Generate_Force,1,
Eiattu,2,,,,1
Eiattu,3,,,,1
Eiattu,4,,,,1
Eiattu,5,,,,1
Eiattu,6,,,,1
Ejolus,1,Underworld,Generate_Force,1,
Ejolus,2,Empire,Generate_Force,1,
Ejolus,3,,,,2
Ejolus,4,Rebel,Generate_Force,1,
Ejolus,5,,,,4
Ejolus,6,Sith_Warlords,Generate_Force,1,
Elom,1,Sith_Warlords,Generate_Force,1,
Elom,2,,,,1
Elom,3,Underworld,Generate_Force,1,
Elom,4,Rebel,Generate_Force,1,
Elom,5,,,,4
Elom,6,,,,1
Elrood,1,Empire,Generate_Force,1,
Elrood,2,,,,1
Elrood,3,,,,1
Elrood,4,,,,1
Elrood,5,,,,1
Elrood,6,,,,1
Emberlene,1,Independent_Forces,Generate_Force,1,
Emberlene,2,,,,1
Emberlene,3,,,,1
Emberlene,4,,,,1
Emberlene,5,,,,1
Emberlene,6,,,,1
Emmer,1,Tion_Hegemony,Generate_Force,1,
Emmer,2,,,,1
Emmer,3,,,,1
Emmer,4,,,,1
Emmer,5,,,,1
Emmer,6,,,,1
Empress_Teta,1,Empire,Generate_Force,1,
Empress_Teta,2,,,,1
Empress_Teta,3,,,,1
Empress_Teta,4,,,,1
Empress_Teta,5,,,,1
Empress_Teta,6,,,,1
Enarc,1,Independent_Forces,Generate_Force,1,
Enarc,2,,,,1
Enarc,3,,,,1
Enarc,4,,,,1
Enarc,5,,,,1
Enarc,6,,,,1
Endor,1,Independent_Forces,Generate_Force,1,
Endor,2,,,,1
Endor,3,,,,1
Endor,4,,,,1
Endor,5,,,,1
Endor,6,,,,1
Entralla,1,Independent_Forces,Generate_Force,1,
Entralla,2,,,,1
Entralla,3,,,,1
Entralla,4,,,,1
Entralla,5,,,,1
Entralla,6,,,,1
Eredenn,1,Tion_Hegemony,Generate_Force,1,
Eredenn,2,,,,1
Eredenn,3,,,,1
Eredenn,4,,,,1
Eredenn,5,,,,1
Eredenn,6,,,,1
Eres,1,Empire,Generate_Force,1,
Eres,2,,,,1
Eres,3,Underworld,Generate_Force,1,
Eres,4,Rebel,Generate_Force,1,
Eres,5,,,,4
Eres,6,,,,4
Eriadu,1,Empire,Generate_Force,1,
Eriadu,2,,,,1
Eriadu,3,,,,1
Eriadu,4,,,,1
Eriadu,5,,,,1
Eriadu,6,,,,1
Essien,1,Underworld,Generate_Force,1,
Essien,2,,,,1
Essien,3,,,,1
Essien,4,,,,1
Essien,5,,,,1
Essien,6,,,,1
Ession,1,Independent_Forces,Generate_Force,1,
Ession,2,,,,1
Ession,3,,,,1
Ession,4,,,,1
Ession,5,,,,1
Ession,6,,,,1
Etti,1,Independent_Forces,Generate_Force,1,
Etti,2,,,,1
Etti,3,,,,1
Etti,4,,,,1
Etti,5,,,,1
Etti,6,,,,1
Euceron,1,Underworld,Generate_Force,1,
Euceron,2,Empire,Generate_Force,1,
Euceron,3,,,,2
Euceron,4,Rebel,Generate_Force,1,
Euceron,5,,,,4
Euceron,6,Sith_Warlords,Generate_Force,1,
Exodeen,1,Empire,Generate_Force,1,
Exodeen,2,,,,1
Exodeen,3,,,,1
Exodeen,4,Rebel,Generate_Force,1,
Exodeen,5,,,,4
Exodeen,6,Sith_Warlords,Generate_Force,1,
Exodo,1,Empire,Generate_Force,1,
Exodo,2,,,,1
Exodo,3,Underworld,Generate_Force,1,
Exodo,4,Rebel,Generate_Force,1,
Exodo,5,,,,4
Exodo,6,Sith_Warlords,Generate_Force,1,
Explume_Minor,1,Independent_Forces,Generate_Force,1,
Explume_Minor,2,,,,1
Explume_Minor,3,,,,1
Explume_Minor,4,,,,1
Explume_Minor,5,,,,1
Explume_Minor,6,,,,1
Falleen,1,Rebel,Generate_Force,1,
Falleen,2,,,,1
Falleen,3,,,,1
Falleen,4,,,,1
Falleen,5,,,,1
Falleen,6,Sith_Warlords,Generate_Force,1,
Faras_Belt,1,Independent_Forces,Generate_Force,1,
Faras_Belt,2,,,,1
Faras_Belt,3,Underworld,Generate_Force,1,
Faras_Belt,4,Rebel,Generate_Force,1,
Faras_Belt,5,,,,4
Faras_Belt,6,,,,4
Farrfin,1,Independent_Forces,Generate_Force,1,
Farrfin,2,,,,1
Farrfin,3,,,,1
Farrfin,4,,,,1
Farrfin,5,,,,1
Farrfin,6,,,,1
Feldrona,1,Empire,Generate_Force,1,
Feldrona,2,,,,1
Feldrona,3,Underworld,Generate_Force,1,
Feldrona,4,,,,1
Feldrona,5,Rebel,Generate_Force,1,
Feldrona,6,Independent_Forces,Generate_Force,1,
Felucia,1,Independent_Forces,Generate_Force,1,
Felucia,2,,,,1
Felucia,3,Underworld,Generate_Force,1,
Felucia,4,Rebel,Generate_Force,1,
Felucia,5,,,,4
Felucia,6,,,,4
Fenel,1,Underworld,Generate_Force,1,
Fenel,2,,,,1
Fenel,3,,,,1
Fenel,4,Rebel,Generate_Force,1,
Fenel,5,,,,4
Fenel,6,,,,4
Feriae_Junction,1,Hutt_Cartels,Generate_Force,1,
Feriae_Junction,2,,,,1
Feriae_Junction,3,,,,1
Feriae_Junction,4,,,,1
Feriae_Junction,5,,,,1
Feriae_Junction,6,,,,1
Filve,1,Sector_Forces,Generate_Force,1,
Filve,2,,,,1
Filve,3,,,,1
Filve,4,,,,1
Filve,5,,,,1
Filve,6,,,,1
Flashpoint,1,Empire,Generate_Force,1,
Flashpoint,2,,,,1
Flashpoint,3,Underworld,Generate_Force,1,
Flashpoint,4,,,,3
Flashpoint,5,,,,3
Flashpoint,6,,,,3
Florn,1,Independent_Forces,Generate_Force,1,
Florn,2,,,,1
Florn,3,Underworld,Generate_Force,1,
Florn,4,Rebel,Generate_Force,1,
Florn,5,,,,4
Florn,6,,,,4
Florrum,1,Independent_Forces,Generate_Force,1,
Florrum,2,,,,1
Florrum,3,Underworld,Generate_Force,1,
Florrum,4,Rebel,Generate_Force,1,
Florrum,5,,,,4
Florrum,6,,,,4
Foerost,1,Empire,Generate_Force,1,
Foerost,2,,,,1
Foerost,3,,,,1
Foerost,4,,,,1
Foerost,5,,,,1
Foerost,6,,,,1
Foless,1,Empire,Generate_Force,1,
Foless,2,,,,1
Foless,3,,,,1
Foless,4,,,,1
Foless,5,,,,1
Foless,6,,,,1
Fondor,1,Rebel,Generate_Force,1,
Fondor,2,Empire,Generate_Force,1,
Fondor,3,,,,2
Fondor,4,,,,1
Fondor,5,,,,1
Fondor,6,,,,1
Formos,1,Tion_Hegemony,Generate_Force,1,
Formos,2,,,,1
Formos,3,,,,1
Formos,4,,,,1
Formos,5,,,,1
Formos,6,,,,1
Fresia,1,Empire,Generate_Force,1,
Fresia,2,,,,1
Fresia,3,,,,1
Fresia,4,,,,1
Fresia,5,,,,1
Fresia,6,,,,1
Frunchettan,1,Independent_Forces,Generate_Force,1,
Frunchettan,2,,,,1
Frunchettan,3,,,,1
Frunchettan,4,,,,1
Frunchettan,5,,,,1
Frunchettan,6,,,,1
Fwsen,1,Independent_Forces,Generate_Force,1,
Fwsen,2,,,,1
Fwsen,3,,,,1
Fwsen,4,,,,1
Fwsen,5,,,,1
Fwsen,6,,,,1
Gabredor,1,Independent_Forces,Generate_Force,1,
Gabredor,2,,,,1
Gabredor,3,,,,1
Gabredor,4,,,,1
Gabredor,5,,,,1
Gabredor,6,,,,1
Galantos,1,Sector_Forces,Generate_Force,1,
Galantos,2,,,,1
Galantos,3,,,,1
Galantos,4,,,,1
Galantos,5,,,,1
Galantos,6,,,,1
Galidraan,1,Empire,Generate_Force,1,
Galidraan,2,,,,1
Galidraan,3,,,,1
Galidraan,4,Rebel,Generate_Force,1,
Galidraan,5,,,,4
Galidraan,6,,,,1
Gallinore,1,Hapes_Consortium,Generate_Force,1,
Gallinore,2,,,,1
Gallinore,3,,,,1
Gallinore,4,,,,1
Gallinore,5,,,,1
Gallinore,6,,,,1
Gamor,1,Empire,Generate_Force,1,
Gamor,2,,,,1
Gamor,3,,,,1
Gamor,4,Rebel,Generate_Force,1,
Gamor,5,,,,4
Gamor,6,,,,1
Gamorr,1,Rebel,Generate_Force,1,
Gamorr,2,,,,1
Gamorr,3,,,,1
Gamorr,4,,,,1
Gamorr,5,,,,1
Gamorr,6,,,,1
Ganath,1,Independent_Forces,Generate_Force,1,
Ganath,2,,,,1
Ganath,3,,,,1
Ganath,4,,,,1
Ganath,5,,,,1
Ganath,6,,,,1
Garos,1,Empire,Generate_Force,1,
Garos,2,Underworld,Generate_Force,1,
Garos,3,,,,2
Garos,4,Rebel,Generate_Force,1,
Garos,5,,,,4
Garos,6,,,,4
Garqi,1,Independent_Forces,Generate_Force,1,
Garqi,2,,,,1
Garqi,3,,,,1
Garqi,4,,,,1
Garqi,5,,,,1
Garqi,6,,,,1
Gavryn,1,Underworld,Generate_Force,1,
Gavryn,2,,,,1
Gavryn,3,,,,1
Gavryn,4,Rebel,Generate_Force,1,
Gavryn,5,,,,4
Gavryn,6,,,,4
Gelgelar,1,Independent_Forces,Generate_Force,1,
Gelgelar,2,,,,1
Gelgelar,3,,,,1
Gelgelar,4,,,,1
Gelgelar,5,,,,1
Gelgelar,6,,,,1
Gendrah_Narvin,1,Sector_Forces,Generate_Force,1,
Gendrah_Narvin,2,,,,1
Gendrah_Narvin,3,,,,1
Gendrah_Narvin,4,,,,1
Gendrah_Narvin,5,,,,1
Gendrah_Narvin,6,,,,1
Generis,1,Independent_Forces,Generate_Force,1,
Generis,2,,,,1
Generis,3,,,,1
Generis,4,,,,1
Generis,5,,,,1
Generis,6,,,,1
Genon,1,Independent_Forces,Generate_Force,1,
Genon,2,,,,1
Genon,3,,,,1
Genon,4,,,,1
Genon,5,,,,1
Genon,6,,,,1
Geonosis,1,Empire,Generate_Force,1,
Geonosis,2,,,,1
Geonosis,3,,,,1
Geonosis,4,,,,1
Geonosis,5,,,,1
Geonosis,6,,,,1
Geroon,1,Chiss,Generate_Force,1,
Geroon,2,,,,1
Geroon,3,,,,1
Geroon,4,,,,1
Geroon,5,,,,1
Geroon,6,,,,1
Gerrard,1,Empire,Generate_Force,1,
Gerrard,2,,,,1
Gerrard,3,,,,1
Gerrard,4,,,,1
Gerrard,5,,,,1
Gerrard,6,,,,1
Gestrex,1,Hutt_Cartels,Generate_Force,1,
Gestrex,2,,,,1
Gestrex,3,,,,1
Gestrex,4,,,,1
Gestrex,5,,,,1
Gestrex,6,,,,1
Gestron,1,Underworld,Generate_Force,1,
Gestron,2,Empire,Generate_Force,1,
Gestron,3,,,,2
Gestron,4,Rebel,Generate_Force,1,
Gestron,5,,,,4
Gestron,6,Sith_Warlords,Generate_Force,1,
Ghorman,1,Empire,Generate_Force,1,
Ghorman,2,,,,1
Ghorman,3,,,,1
Ghorman,4,,,,1
Ghorman,5,,,,1
Ghorman,6,,,,1
Giju,1,Empire,Generate_Force,1,
Giju,2,,,,1
Giju,3,,,,1
Giju,4,,,,1
Giju,5,,,,1
Giju,6,,,,1
Gizer,1,Krath,Generate_Force,1,
Gizer,2,,,,1
Gizer,3,Underworld,Generate_Force,1,
Gizer,4,Empire,Generate_Force,1,
Gizer,5,Rebel,Generate_Force,1,
Gizer,6,,,,5
Glee_Anselm,1,Empire,Generate_Force,1,
Glee_Anselm,2,,,,1
Glee_Anselm,3,,,,1
Glee_Anselm,4,,,,1
Glee_Anselm,5,,,,1
Glee_Anselm,6,,,,1
Glom_Tho,1,Empire,Generate_Force,1,
Glom_Tho,2,,,,1
Glom_Tho,3,,,,1
Glom_Tho,4,,,,1
Glom_Tho,5,Rebel,Generate_Force,1,
Glom_Tho,6,,,,1
Gobindi,1,Sector_Forces,Generate_Force,1,
Gobindi,2,,,,1
Gobindi,3,,,,1
Gobindi,4,,,,1
Gobindi,5,,,,1
Gobindi,6,,,,1
Gravlex_Med,1,Independent_Forces,Generate_Force,1,
Gravlex_Med,2,,,,1
Gravlex_Med,3,,,,1
Gravlex_Med,4,,,,1
Gravlex_Med,5,,,,1
Gravlex_Med,6,,,,1
Gree,1,Independent_Forces,Generate_Force,1,
Gree,2,,,,1
Gree,3,,,,1
Gree,4,,,,1
Gree,5,,,,1
Gree,6,,,,1
Grho,1,Independent_Forces,Generate_Force,1,
Grho,2,,,,1
Grho,3,,,,1
Grho,4,,,,1
Grho,5,,,,1
Grho,6,,,,1
Gwori,1,Independent_Forces,Generate_Force,1,
Gwori,2,,,,1
Gwori,3,,,,1
Gwori,4,,,,1
Gwori,5,,,,1
Gwori,6,,,,1
Gymelo,1,Independent_Forces,Generate_Force,1,
Gymelo,2,,,,1
Gymelo,3,,,,1
Gymelo,4,,,,1
Gymelo,5,,,,1
Gymelo,6,,,,1
Gyndine,1,Empire,Generate_Force,1,
Gyndine,2,,,,1
Gyndine,3,,,,1
Gyndine,4,,,,1
Gyndine,5,,,,1
Gyndine,6,,,,1
Had_Abbadon,1,Rebel,Generate_Force,1,
Had_Abbadon,2,,,,1
Had_Abbadon,3,,,,1
Had_Abbadon,4,,,,1
Had_Abbadon,5,,,,1
Had_Abbadon,6,,,,1
Halmad,1,Independent_Forces,Generate_Force,1,
Halmad,2,,,,1
Halmad,3,,,,1
Halmad,4,,,,1
Halmad,5,,,,1
Halmad,6,,,,1
Halthor,1,Empire,Generate_Force,1,
Halthor,2,,,,1
Halthor,3,Underworld,Generate_Force,1,
Halthor,4,Rebel,Generate_Force,1,
Halthor,5,,,,1
Halthor,6,,,,1
Handooine,1,Empire,Generate_Force,1,
Handooine,2,,,,1
Handooine,3,Underworld,Generate_Force,1,
Handooine,4,Rebel,Generate_Force,1,
Handooine,5,,,,4
Handooine,6,,,,4
Hapes,1,Lorell_Raiders,Generate_Force,1,
Hapes,2,Hapes_Consortium,Generate_Force,1,
Hapes,3,,,,2
Hapes,4,,,,2
Hapes,5,,,,2
Hapes,6,,,,2
Haruun_Kal,1,Krath,Generate_Force,1,
Haruun_Kal,2,,,,1
Haruun_Kal,3,,,,1
Haruun_Kal,4,Rebel,Generate_Force,1,
Haruun_Kal,5,,,,4
Haruun_Kal,6,,,,4
Hast,1,Mon_Cal_Kingdom,Generate_Force,1,
Hast,2,,,,1
Hast,3,,,,1
Hast,4,,,,1
Hast,5,,,,1
Hast,6,,,,1
Herdessa,1,Krath,Generate_Force,1,
Herdessa,2,,,,1
Herdessa,3,,,,1
Herdessa,4,,,,1
Herdessa,5,,,,1
Herdessa,6,,,,1
Hewett,1,Independent_Forces,Generate_Force,1,
Hewett,2,,,,1
Hewett,3,Empire,Generate_Force,1,
Hewett,4,Rebel,Generate_Force,1,
Hewett,5,,,,4
Hewett,6,,,,3
Hijarna,1,Independent_Forces,Generate_Force,1,
Hijarna,2,,,,1
Hijarna,3,,,,1
Hijarna,4,,,,1
Hijarna,5,,,,1
Hijarna,6,,,,1
Hinakuu,1,Mon_Cal_Kingdom,Generate_Force,1,
Hinakuu,2,,,,1
Hinakuu,3,,,,1
Hinakuu,4,,,,1
Hinakuu,5,,,,1
Hinakuu,6,,,,1
Hollastin,1,Hutt_Cartels,Generate_Force,1,
Hollastin,2,,,,1
Hollastin,3,,,,1
Hollastin,4,,,,1
Hollastin,5,,,,1
Hollastin,6,,,,1
Honoghr,1,Rakata_Empire,Generate_Force,1,
Honoghr,2,,,,1
Honoghr,3,,,,1
Honoghr,4,,,,1
Honoghr,5,,,,1
Honoghr,6,,,,1
Huk,1,Independent_Forces,Generate_Force,1,
Huk,2,,,,1
Huk,3,,,,1
Huk,4,,,,1
Huk,5,,,,1
Huk,6,,,,1
Humbarine,1,Empire,Generate_Force,1,
Humbarine,2,,,,1
Humbarine,3,,,,1
Humbarine,4,,,,1
Humbarine,5,,,,1
Humbarine,6,,,,1
Hypori,1,Empire,Generate_Force,1,
Hypori,2,,,,1
Hypori,3,,,,1
Hypori,4,,,,1
Hypori,5,,,,1
Hypori,6,,,,1
Iego,1,Hutt_Cartels,Generate_Force,1,
Iego,2,,,,1
Iego,3,,,,1
Iego,4,,,,1
Iego,5,,,,1
Iego,6,,,,1
Iktotch,1,Empire,Generate_Force,1,
Iktotch,2,,,,1
Iktotch,3,,,,1
Iktotch,4,,,,1
Iktotch,5,,,,1
Iktotch,6,,,,1
Ilum,1,Empire,Generate_Force,1,
Ilum,2,,,,1
Ilum,3,,,,1
Ilum,4,,,,1
Ilum,5,,,,1
Ilum,6,,,,1
Iokath,1,Eternal_Empire,Generate_Force,1,
Iokath,2,,,,1
Iokath,3,,,,1
Iokath,4,,,,1
Iokath,5,,,,1
Iokath,6,,,,1
Iol,1,Independent_Forces,Generate_Force,1,
Iol,2,,,,1
Iol,3,,,,1
Iol,4,,,,1
Iol,5,,,,1
Iol,6,,,,1
Iphigin,1,Empire,Generate_Force,1,
Iphigin,2,,,,1
Iphigin,3,,,,1
Iphigin,4,Rebel,Generate_Force,1,
Iphigin,5,,,,4
Iphigin,6,,,,4
Iridonia,1,Empire,Generate_Force,1,
Iridonia,2,,,,1
Iridonia,3,Underworld,Generate_Force,1,
Iridonia,4,,,,1
Iridonia,5,Rebel,Generate_Force,1,
Iridonia,6,,,,1
Iskadrell,1,Underworld,Generate_Force,1,
Iskadrell,2,,,,1
Iskadrell,3,,,,1
Iskadrell,4,,,,1
Iskadrell,5,,,,1
Iskadrell,6,,,,1
Ithor,1,Independent_Forces,Generate_Force,1,
Ithor,2,,,,1
Ithor,3,Empire,Generate_Force,1,
Ithor,4,Rebel,Generate_Force,1,
Ithor,5,,,,4
Ithor,6,,,,3
Ixtlar,1,Underworld,Generate_Force,1,
Ixtlar,2,,,,1
Ixtlar,3,,,,1
Ixtlar,4,,,,1
Ixtlar,5,,,,1
Ixtlar,6,,,,1
Jabiim,1,Empire,Generate_Force,1,
Jabiim,2,,,,1
Jabiim,3,Underworld,Generate_Force,1,
Jabiim,4,Rebel,Generate_Force,1,
Jabiim,5,,,,4
Jabiim,6,,,,4
Jaemus,1,Independent_Forces,Generate_Force,1,
Jaemus,2,,,,1
Jaemus,3,,,,1
Jaemus,4,,,,1
Jaemus,5,,,,1
Jaemus,6,,,,1
Jagas_Cluster,1,Underworld,Generate_Force,1,
Jagas_Cluster,2,,,,1
Jagas_Cluster,3,,,,1
Jagas_Cluster,4,Rebel,Generate_Force,1,
Jagas_Cluster,5,,,,4
Jagas_Cluster,6,,,,4
Jaminere,1,Empire,Generate_Force,1,
Jaminere,2,,,,1
Jaminere,3,Underworld,Generate_Force,1,
Jaminere,4,Rebel,Generate_Force,1,
Jaminere,5,,,,4
Jaminere,6,,,,4
Jazbina,1,Independent_Forces,Generate_Force,1,
Jazbina,2,,,,1
Jazbina,3,,,,1
Jazbina,4,,,,1
Jazbina,5,,,,1
Jazbina,6,,,,1
Jebble,2,Sector_Forces,Generate_Force,1,
Jebble,3,Underworld,Generate_Force,1,
Jomark,1,Independent_Forces,Generate_Force,1,
Jomark,2,,,,1
Jomark,3,,,,1
Jomark,4,,,,1
Jomark,5,,,,1
Jomark,6,,,,1
Jtptan,1,Independent_Forces,Generate_Force,1,
Jtptan,2,,,,1
Jtptan,3,,,,1
Jtptan,4,,,,1
Jtptan,5,,,,1
Jtptan,6,,,,1
Kaal,1,Rakata_Empire,Generate_Force,1,
Kaal,2,,,,1
Kaal,3,,,,1
Kaal,4,,,,1
Kaal,5,,,,1
Kaal,6,,,,1
Kabal,1,Empire,Generate_Force,1,
Kabal,2,,,,1
Kabal,3,,,,1
Kabal,4,,,,1
Kabal,5,,,,1
Kabal,6,,,,1
Kadavo,1,Independent_Forces,Generate_Force,1,
Kadavo,2,Underworld,Generate_Force,1,
Kadavo,3,,,,2
Kadavo,4,,,,2
Kadavo,5,,,,2
Kadavo,6,,,,2
Kaikielius,1,Empire,Generate_Force,1,
Kaikielius,2,,,,1
Kaikielius,3,,,,1
Kaikielius,4,,,,1
Kaikielius,5,,,,1
Kaikielius,6,,,,1
Kalaan,1,Empire,Generate_Force,1,
Kalaan,2,,,,1
Kalaan,3,,,,1
Kalaan,4,,,,1
Kalaan,5,,,,1
Kalaan,6,,,,1
Kalarba,1,Empire,Generate_Force,1,
Kalarba,2,,,,1
Kalarba,3,,,,1
Kalarba,4,,,,1
Kalarba,5,Rebel,Generate_Force,1,
Kalarba,6,,,,1
Kalee,1,Independent_Forces,Generate_Force,1,
Kalee,2,,,,1
Kalee,3,,,,1
Kalee,4,,,,1
Kalee,5,,,,1
Kalee,6,,,,1
Kalla,1,Independent_Forces,Generate_Force,1,
Kalla,2,,,,1
Kalla,3,,,,1
Kalla,4,,,,1
Kalla,5,,,,1
Kalla,6,,,,1
Kamino,1,Empire,Generate_Force,1,
Kamino,2,,,,1
Kamino,3,,,,1
Kamino,4,,,,1
Kamino,5,,,,1
Kamino,6,,,,1
Karavis,1,Empire,Generate_Force,1,
Karavis,2,,,,1
Karavis,3,,,,1
Karavis,4,,,,1
Karavis,5,,,,1
Karavis,6,,,,1
Kariek,1,Independent_Forces,Generate_Force,1,
Kariek,2,,,,1
Kariek,3,,,,1
Kariek,4,,,,1
Kariek,5,,,,1
Kariek,6,,,,1
Kashyyyk,1,Independent_Forces,Generate_Force,1,
Kashyyyk,2,,,,1
Kashyyyk,3,,,,1
Kashyyyk,4,,,,1
Kashyyyk,5,,,,1
Kashyyyk,6,,,,1
Katarr,1,Empire,Generate_Force,1,
Katarr,2,,,,1
Katarr,3,,,,1
Katarr,4,Rebel,Generate_Force,1,
Katarr,5,,,,4
Katarr,6,,,,1
Kattada,1,Empire,Generate_Force,1,
Kattada,2,,,,1
Kattada,3,,,,1
Kattada,4,,,,1
Kattada,5,,,,1
Kattada,6,,,,1
Kauron,1,Independent_Forces,Generate_Force,1,
Kauron,2,,,,1
Kauron,3,,,,1
Kauron,4,,,,1
Kauron,5,,,,1
Kauron,6,,,,1
Kayri,1,Independent_Forces,Generate_Force,1,
Kayri,2,,,,1
Kayri,3,,,,1
Kayri,4,,,,1
Kayri,5,,,,1
Kayri,6,,,,1
Kem_Stor_Ai,1,Independent_Forces,Generate_Force,1,
Kem_Stor_Ai,2,,,,1
Kem_Stor_Ai,3,,,,1
Kem_Stor_Ai,4,Rebel,Generate_Force,1,
Kem_Stor_Ai,5,,,,4
Kem_Stor_Ai,6,,,,4
Kerkoidia,1,Sector_Forces,Generate_Force,1,
Kerkoidia,2,,,,1
Kerkoidia,3,,,,1
Kerkoidia,4,,,,1
Kerkoidia,5,,,,1
Kerkoidia,6,,,,1
Kesh,1,Rebel,Generate_Force,1,
Kesh,2,,,,1
Kesh,3,,,,1
Kesh,4,,,,1
Kesh,5,,,,1
Kesh,6,,,,1
Keskin,1,Independent_Forces,Generate_Force,1,
Keskin,2,,,,1
Keskin,3,,,,1
Keskin,4,,,,1
Keskin,5,,,,1
Keskin,6,,,,1
Kessel,1,Hutt_Cartels,Generate_Force,1,
Kessel,2,,,,1
Kessel,3,,,,1
Kessel,4,,,,1
Kessel,5,,,,1
Kessel,6,,,,1
Ketal,1,Sector_Forces,Generate_Force,1,
Ketal,2,,,,1
Ketal,3,,,,1
Ketal,4,,,,1
Ketal,5,,,,1
Ketal,6,,,,1
Ketaris,1,Empire,Generate_Force,1,
Ketaris,2,,,,1
Ketaris,3,Independent_Forces,Generate_Force,1,
Ketaris,4,,,,3
Ketaris,5,Sector_Forces,Generate_Force,1,
Ketaris,6,,,,3
Khar_Delba,1,Rebel,Generate_Force,1,
Khar_Delba,2,,,,1
Khar_Delba,3,,,,1
Khar_Delba,4,,,,1
Khar_Delba,5,,,,1
Khar_Delba,6,,,,1
Khomm,1,Krath,Generate_Force,1,
Khomm,2,Empire,Generate_Force,1,
Khomm,3,,,,2
Khomm,4,,,,2
Khomm,5,,,,2
Khomm,6,,,,2
Kinoss,1,Chiss,Generate_Force,1,
Kinoss,2,,,,1
Kinoss,3,,,,1
Kinoss,4,,,,1
Kinoss,5,,,,1
Kinoss,6,,,,1
Kinyen,1,Empire,Generate_Force,1,
Kinyen,2,,,,1
Kinyen,3,,,,1
Kinyen,4,,,,1
Kinyen,5,,,,1
Kinyen,6,,,,1
Kip,1,Independent_Forces,Generate_Force,1,
Kip,2,,,,1
Kip,3,,,,1
Kip,4,,,,1
Kip,5,,,,1
Kip,6,,,,1
Kira,1,Independent_Forces,Generate_Force,1,
Kira,2,,,,1
Kira,3,,,,1
Kira,4,,,,1
Kira,5,,,,1
Kira,6,,,,1
Kirima,1,Independent_Forces,Generate_Force,1,
Kirima,2,,,,1
Kirima,3,,,,1
Kirima,4,,,,1
Kirima,5,,,,1
Kirima,6,,,,1
Klatooine,1,Hutt_Cartels,Generate_Force,1,
Klatooine,2,,,,1
Klatooine,3,,,,1
Klatooine,4,,,,1
Klatooine,5,,,,1
Klatooine,6,,,,1
Koda_Station,1,Independent_Forces,Generate_Force,1,
Koda_Station,2,,,,1
Koda_Station,3,,,,1
Koda_Station,4,,,,1
Koda_Station,5,,,,1
Koda_Station,6,,,,1
Koorvia,1,Empire,Generate_Force,1,
Koorvia,2,,,,1
Koorvia,3,,,,1
Koorvia,4,,,,1
Koorvia,5,,,,1
Koorvia,6,,,,1
Korda,1,Underworld,Generate_Force,1,
Korda,2,,,,1
Korda,3,,,,1
Korda,4,,,,1
Korda,5,,,,1
Korda,6,,,,1
Korriban,1,Rebel,Generate_Force,1,
Korriban,2,,,,1
Korriban,3,,,,1
Korriban,4,,,,1
Korriban,5,,,,1
Korriban,6,,,,1
Koru_Neimoidia,1,Empire,Generate_Force,1,
Koru_Neimoidia,2,,,,1
Koru_Neimoidia,3,,,,1
Koru_Neimoidia,4,,,,1
Koru_Neimoidia,5,,,,1
Koru_Neimoidia,6,,,,1
Kostra,1,Underworld,Generate_Force,1,
Kostra,2,,,,1
Kostra,3,,,,1
Kostra,4,Empire,Generate_Force,1,
Kostra,5,Rebel,Generate_Force,1,
Kostra,6,,,,5
Kothlis,1,Empire,Generate_Force,1,
Kothlis,2,,,,1
Kothlis,3,,,,1
Kothlis,4,,,,1
Kothlis,5,,,,1
Kothlis,6,,,,1
Kriselist,1,Empire,Generate_Force,1,
Kriselist,2,,,,1
Kriselist,3,,,,1
Kriselist,4,,,,1
Kriselist,5,,,,1
Kriselist,6,,,,1
Kuar,1,Underworld,Generate_Force,1,
Kuar,2,,,,1
Kuar,3,,,,1
Kuar,4,,,,1
Kuar,5,,,,1
Kuar,6,,,,1
Kuat,1,Empire,Generate_Force,1,
Kuat,2,,,,1
Kuat,3,,,,1
Kuat,4,,,,1
Kuat,5,,,,1
Kuat,6,,,,1
Kwenn,1,Hutt_Cartels,Generate_Force,1,
Kwenn,2,,,,1
Kwenn,3,,,,1
Kwenn,4,,,,1
Kwenn,5,,,,1
Kwenn,6,,,,1
Laakteen,1,Independent_Forces,Generate_Force,1,
Laakteen,2,,,,1
Laakteen,3,,,,1
Laakteen,4,,,,1
Laakteen,5,,,,1
Laakteen,6,,,,1
Lakra,1,Independent_Forces,Generate_Force,1,
Lakra,2,,,,1
Lakra,3,,,,1
Lakra,4,,,,1
Lakra,5,,,,1
Lakra,6,,,,1
Lannik,1,Krath,Generate_Force,1,
Lannik,2,,,,1
Lannik,3,,,,1
Lannik,4,Rebel,Generate_Force,1,
Lannik,5,Empire,Generate_Force,1,
Lannik,6,,,,5
Lantillies,1,Empire,Generate_Force,1,
Lantillies,2,,,,1
Lantillies,3,,,,1
Lantillies,4,Rebel,Generate_Force,1,
Lantillies,5,,,,4
Lantillies,6,,,,4
Latharra,1,Hutt_Cartels,Generate_Force,1,
Latharra,2,,,,1
Latharra,3,,,,1
Latharra,4,,,,1
Latharra,5,,,,1
Latharra,6,,,,1
Lianna,1,Empire,Generate_Force,1,
Lianna,2,,,,1
Lianna,3,Underworld,Generate_Force,1,
Lianna,4,Rebel,Generate_Force,1,
Lianna,5,,,,4
Lianna,6,,,,4
Lizil,1,Killik_Hives,Generate_Force,1,
Lizil,2,,,,1
Lizil,3,,,,1
Lizil,4,,,,1
Lizil,5,,,,1
Lizil,6,,,,1
Llanic,1,Hutt_Cartels,Generate_Force,1,
Llanic,2,,,,1
Llanic,3,,,,1
Llanic,4,,,,1
Llanic,5,,,,1
Llanic,6,,,,1
Leodorvia,1,Empire,Generate_Force,1,
Leodorvia,2,,,,1
Leodorvia,3,,,,1
Leodorvia,4,,,,1
Leodorvia,5,,,,1
Leodorvia,6,,,,1
Lok,1,Independent_Forces,Generate_Force,1,
Lok,2,,,,1
Lok,3,,,,1
Lok,4,,,,1
Lok,5,,,,1
Lok,6,,,,1
Lonnaw,1,Krath,Generate_Force,1,
Lonnaw,2,,,,1
Lonnaw,3,,,,1
Lonnaw,4,,,,1
Lonnaw,5,,,,1
Lonnaw,6,,,,1
Loronar,1,Empire,Generate_Force,1,
Loronar,2,,,,1
Loronar,3,,,,1
Loronar,4,Rebel,Generate_Force,1,
Loronar,5,,,,4
Loronar,6,Sith_Warlords,Generate_Force,1,
Lorrd,1,Independent_Forces,Generate_Force,1,
Lorrd,2,,,,1
Lorrd,3,,,,1
Lorrd,4,,,,1
Lorrd,5,,,,1
Lorrd,6,,,,1
Lown,1,Independent_Forces,Generate_Force,1,
Lown,2,,,,1
Lown,3,,,,1
Lown,4,,,,1
Lown,5,,,,1
Lown,6,,,,1
Lucazec,1,Independent_Forces,Generate_Force,1,
Lucazec,2,,,,1
Lucazec,3,Underworld,Generate_Force,1,
Lucazec,4,Rebel,Generate_Force,1,
Lucazec,5,,,,4
Lucazec,6,,,,4
Lur,1,Empire,Generate_Force,1,
Lur,2,Sector_Forces,Generate_Force,1,
Lur,3,Independent_Forces,Generate_Force,1,
Lur,4,,,,1
Lur,5,,,,2
Lur,6,,,,3
Lwhekk,1,Independent_Forces,Generate_Force,1,
Lwhekk,2,,,,1
Lwhekk,3,,,,1
Lwhekk,4,,,,1
Lwhekk,5,,,,1
Lwhekk,6,,,,1
Lyran,1,Independent_Forces,Generate_Force,1,
Lyran,2,,,,1
Lyran,3,,,,1
Lyran,4,,,,1
Lyran,5,,,,1
Lyran,6,,,,1
Makatak,1,Rakata_Empire,Generate_Force,1,
Makatak,2,,,,1
Makatak,3,,,,1
Makatak,4,,,,1
Makatak,5,,,,1
Makatak,6,,,,1
Makeb,2,Independent_Forces,Generate_Force,1,
Makeb,3,,,,2
Makeb,4,,,,2
Makeb,5,,,,2
Makeb,6,,,,2
Makem_Te,1,Krath,Generate_Force,1,
Makem_Te,2,,,,1
Makem_Te,3,Underworld,Generate_Force,1,
Makem_Te,4,Rebel,Generate_Force,1,
Makem_Te,5,,,,4
Makem_Te,6,,,,4
Malachor,1,Rebel,Generate_Force,1,
Malachor,4,,,,1
Malachor,5,,,,1
Malachor,6,,,,1
Malastare,1,Empire,Generate_Force,1,
Malastare,2,,,,1
Malastare,3,,,,1
Malastare,4,,,,1
Malastare,5,,,,1
Malastare,6,,,,1
Manaan,1,Independent_Forces,Generate_Force,1,
Manaan,2,,,,1
Manaan,3,,,,1
Manaan,4,,,,1
Manaan,5,,,,1
Manaan,6,,,,1
Manda,1,Krath,Generate_Force,1,
Manda,2,,,,1
Manda,3,,,,1
Manda,4,Rebel,Generate_Force,1,
Manda,5,Empire,Generate_Force,1,
Manda,6,,,,5
Mandallia,1,Underworld,Generate_Force,1,
Mandallia,2,,,,1
Mandallia,3,,,,1
Mandallia,4,,,,1
Mandallia,5,,,,1
Mandallia,6,,,,1
Mandalore,1,Underworld,Generate_Force,1,
Mandalore,2,,,,1
Mandalore,3,,,,1
Mandalore,4,,,,1
Mandalore,5,,,,1
Mandalore,6,,,,1
Maridun,1,Independent_Forces,Generate_Force,1,
Maridun,2,,,,1
Maridun,3,Underworld,Generate_Force,1,
Maridun,4,Rebel,Generate_Force,1,
Maridun,5,,,,4
Maridun,6,,,,4
Maryo,1,Independent_Forces,Generate_Force,1,
Maryo,2,,,,1
Maryo,3,,,,1
Maryo,4,,,,1
Maryo,5,,,,1
Maryo,6,,,,1
Massoss,1,Chiss,Generate_Force,1,
Massoss,2,,,,1
Massoss,3,,,,1
Massoss,4,,,,1
Massoss,5,,,,1
Massoss,6,,,,1
Mataou,1,Chiss,Generate_Force,1,
Mataou,2,,,,1
Mataou,3,,,,1
Mataou,4,,,,1
Mataou,5,,,,1
Mataou,6,,,,1
Mechis,1,Empire,Generate_Force,1,
Mechis,2,,,,1
Mechis,3,,,,1
Mechis,4,Rebel,Generate_Force,1,
Mechis,5,,,,4
Mechis,6,,,,4
Mendig,1,Independent_Forces,Generate_Force,1,
Mendig,2,,,,1
Mendig,3,Underworld,Generate_Force,1,
Mendig,4,Rebel,Generate_Force,1,
Mendig,5,,,,4
Mendig,6,,,,4
Mephout,1,Independent_Forces,Generate_Force,1,
Mephout,2,,,,1
Mephout,3,,,,1
Mephout,4,,,,1
Mephout,5,,,,1
Mephout,6,,,,1
Metalorn,1,Empire,Generate_Force,1,
Metalorn,2,,,,1
Metalorn,3,,,,1
Metalorn,4,Rebel,Generate_Force,1,
Metalorn,5,,,,4
Metalorn,6,,,,4
Metellos,1,Empire,Generate_Force,1,
Metellos,2,,,,1
Metellos,3,,,,1
Metellos,4,,,,1
Metellos,5,,,,1
Metellos,6,,,,1
Mhaeli,1,Empire,Generate_Force,1,
Mhaeli,2,,,,1
Mhaeli,3,,,,1
Mhaeli,4,,,,1
Mhaeli,5,,,,1
Mhaeli,6,,,,1
Milagro,1,Empire,Generate_Force,1,
Milagro,2,,,,1
Milagro,3,,,,1
Milagro,4,Rebel,Generate_Force,1,
Milagro,5,,,,4
Milagro,6,,,,4
Mimban,1,Krath,Generate_Force,1,
Mimban,2,,,,1
Mimban,3,,,,1
Mimban,4,Rebel,Generate_Force,1,
Mimban,5,,,,4
Mimban,6,,,,4
Mindor,1,Empire,Generate_Force,1,
Mindor,2,,,,1
Mindor,3,,,,1
Mindor,4,,,,1
Mindor,5,,,,1
Mindor,6,,,,1
Mintooine,1,Mon_Cal_Kingdom,Generate_Force,1,
Mintooine,2,,,,1
Mintooine,3,,,,1
Mintooine,4,,,,1
Mintooine,5,,,,1
Mintooine,6,,,,1
Mirial,1,Rebel,Generate_Force,1,
Mirial,2,,,,1
Mirial,3,,,,1
Mirial,4,,,,1
Mirial,5,,,,1
Mirial,6,,,,1
Miztoc,1,Empire,Generate_Force,1,
Miztoc,2,,,,1
Miztoc,3,,,,1
Miztoc,4,,,,1
Miztoc,5,,,,1
Miztoc,6,,,,1
Mon_Gazza,1,Independent_Forces,Generate_Force,1,
Mon_Gazza,2,,,,1
Mon_Gazza,3,,,,1
Mon_Gazza,4,Rebel,Generate_Force,1,
Mon_Gazza,5,Empire,Generate_Force,1,
Mon_Gazza,6,,,,5
Mon_Calamari,1,Mon_Cal_Kingdom,Generate_Force,1,
Mon_Calamari,2,,,,1
Mon_Calamari,3,,,,1
Mon_Calamari,4,,,,1
Mon_Calamari,5,,,,1
Mon_Calamari,6,,,,1
Monastery,1,Independent_Forces,Generate_Force,1,
Monastery,2,,,,1
Monastery,3,,,,1
Monastery,4,,,,1
Monastery,5,,,,1
Monastery,6,,,,1
Moonus_Mandel,1,Empire,Generate_Force,1,
Moonus_Mandel,2,,,,1
Moonus_Mandel,3,,,,1
Moonus_Mandel,4,,,,1
Moonus_Mandel,5,,,,1
Moonus_Mandel,6,,,,1
Moorja,1,Empire,Generate_Force,1,
Moorja,2,,,,1
Moorja,3,,,,1
Moorja,4,,,,1
Moorja,5,,,,1
Moorja,6,,,,1
Morishim,1,Independent_Forces,Generate_Force,1,
Morishim,2,,,,1
Morishim,3,,,,1
Morishim,4,,,,1
Morishim,5,,,,1
Morishim,6,,,,1
Mrisst,1,Empire,Generate_Force,1,
Mrisst,2,,,,1
Mrisst,3,,,,1
Mrisst,4,Rebel,Generate_Force,1,
Mrisst,5,,,,4
Mrisst,6,,,,4
Mrlsst,1,Rebel,Generate_Force,1,
Mrlsst,2,Empire,Generate_Force,1,
Mrlsst,3,,,,2
Mrlsst,4,,,,1
Mrlsst,5,,,,1
Mrlsst,6,,,,1
Mugg_Fallow,1,Independent_Forces,Generate_Force,1,
Mugg_Fallow,2,,,,1
Mugg_Fallow,3,,,,1
Mugg_Fallow,4,,,,1
Mugg_Fallow,5,,,,1
Mugg_Fallow,6,,,,1
Mulatan,1,Hutt_Cartels,Generate_Force,1,
Mulatan,2,,,,1
Mulatan,3,,,,1
Mulatan,4,,,,1
Mulatan,5,,,,1
Mulatan,6,,,,1
Mullan,1,Independent_Forces,Generate_Force,1,
Mullan,2,,,,1
Mullan,3,,,,1
Mullan,4,,,,1
Mullan,5,,,,1
Mullan,6,,,,1
Munlali_Mafir,1,Independent_Forces,Generate_Force,1,
Munlali_Mafir,2,,,,1
Munlali_Mafir,3,,,,1
Munlali_Mafir,4,,,,1
Munlali_Mafir,5,,,,1
Munlali_Mafir,6,,,,1
Murgo,1,Killik_Hives,Generate_Force,1,
Murgo,2,,,,1
Murgo,3,,,,1
Murgo,4,,,,1
Murgo,5,,,,1
Murgo,6,,,,1
Murkhana,1,Independent_Forces,Generate_Force,1,
Murkhana,2,,,,1
Murkhana,3,,,,1
Murkhana,4,,,,1
Murkhana,5,,,,1
Murkhana,6,,,,1
Mustafar,1,Rebel,Generate_Force,1,
Mustafar,2,,,,1
Mustafar,3,,,,1
Mustafar,4,,,,1
Mustafar,5,,,,1
Mustafar,6,,,,1
Muunilinst,1,Independent_Forces,Generate_Force,1,
Muunilinst,2,,,,1
Muunilinst,3,,,,1
Muunilinst,4,,,,1
Muunilinst,5,,,,1
Muunilinst,6,,,,1
Mygeeto,1,Independent_Forces,Generate_Force,1,
Mygeeto,2,,,,1
Mygeeto,3,,,,1
Mygeeto,4,,,,1
Mygeeto,5,,,,1
Mygeeto,6,,,,1
Myrkr,1,Empire,Generate_Force,1,
Myrkr,2,,,,1
Myrkr,3,,,,1
Myrkr,4,,,,1
Myrkr,5,,,,1
Myrkr,6,,,,1
Mytus,1,Independent_Forces,Generate_Force,1,
Mytus,2,,,,1
Mytus,3,,,,1
Mytus,4,,,,1
Mytus,5,,,,1
Mytus,6,,,,1
M4_78,1,Rebel,Generate_Force,1,
M4_78,2,,,,1
M4_78,3,,,,1
M4_78,4,,,,1
M4_78,5,,,,1
M4_78,6,,,,1
Nal_Hutta,1,Hutt_Cartels,Generate_Force,1,
Nal_Hutta,2,,,,1
Nal_Hutta,3,,,,1
Nal_Hutta,4,,,,1
Nal_Hutta,5,,,,1
Nal_Hutta,6,,,,1
Naos,1,Independent_Forces,Generate_Force,1,
Naos,2,,,,1
Naos,3,,,,1
Naos,4,,,,1
Naos,5,,,,1
Naos,6,,,,1
Naporar,1,Chiss,Generate_Force,1,
Naporar,2,,,,1
Naporar,3,,,,1
Naporar,4,,,,1
Naporar,5,,,,1
Naporar,6,,,,1
Nar_Haaska,1,Hutt_Cartels,Generate_Force,1,
Nar_Haaska,2,,,,1
Nar_Haaska,3,,,,1
Nar_Haaska,4,,,,1
Nar_Haaska,5,,,,1
Nar_Haaska,6,,,,1
Nar_Hekka,1,Hutt_Cartels,Generate_Force,1,
Nar_Hekka,2,,,,1
Nar_Hekka,3,,,,1
Nar_Hekka,4,,,,1
Nar_Hekka,5,,,,1
Nar_Hekka,6,,,,1
Nar_Kaaga,1,Hutt_Cartels,Generate_Force,1,
Nar_Kaaga,2,,,,1
Nar_Kaaga,3,,,,1
Nar_Kaaga,4,,,,1
Nar_Kaaga,5,,,,1
Nar_Kaaga,6,,,,1
Nar_Shaddaa,1,Hutt_Cartels,Generate_Force,1,
Nar_Shaddaa,2,,,,1
Nar_Shaddaa,3,,,,1
Nar_Shaddaa,4,,,,1
Nar_Shaddaa,5,,,,1
Nar_Shaddaa,6,,,,1
Nath_Gordi,1,Independent_Forces,Generate_Force,1,
Nath_Gordi,2,,,,1
Nath_Gordi,3,,,,1
Nath_Gordi,4,,,,1
Nath_Gordi,5,,,,1
Nath_Gordi,6,,,,1
Nazzri,1,Empire,Generate_Force,1,
Nazzri,2,,,,1
Nazzri,3,,,,1
Nazzri,4,Rebel,Generate_Force,1,
Nazzri,5,,,,4
Nazzri,6,Sith_Warlords,Generate_Force,1,
Nelvaan,1,Empire,Generate_Force,1,
Nelvaan,2,,,,1
Nelvaan,3,,,,1
Nelvaan,4,,,,1
Nelvaan,5,,,,1
Nelvaan,6,,,,1
Nentan,1,Independent_Forces,Generate_Force,1,
Nentan,2,,,,1
Nentan,3,,,,1
Nentan,4,,,,1
Nentan,5,,,,1
Nentan,6,,,,1
Nespis,1,Empire,Generate_Force,1,
Nespis,2,,,,1
Nespis,3,,,,1
Nespis,4,,,,1
Nespis,5,,,,1
Nespis,6,,,,1
New_Bornalex,1,Empire,Generate_Force,1,
New_Bornalex,2,Underworld,Generate_Force,1,
New_Bornalex,3,,,,2
New_Bornalex,4,,,,1
New_Bornalex,5,,,,1
New_Bornalex,6,,,,1
New_Cov,1,Empire,Generate_Force,1,
New_Cov,2,,,,1
New_Cov,3,,,,1
New_Cov,4,,,,1
New_Cov,5,,,,1
New_Cov,6,,,,1
New_Heurkea,1,Mon_Cal_Kingdom,Generate_Force,1,
New_Heurkea,2,,,,1
New_Heurkea,3,,,,1
New_Heurkea,4,,,,1
New_Heurkea,5,,,,1
New_Heurkea,6,,,,1
New_Plympto,1,Sector_Forces,Generate_Force,1,
New_Plympto,2,,,,1
New_Plympto,3,,,,1
New_Plympto,4,,,,1
New_Plympto,5,,,,1
New_Plympto,6,,,,1
Nexus_Ortai,1,Empire,Generate_Force,1,
Nexus_Ortai,2,,,,1
Nexus_Ortai,3,,,,1
Nexus_Ortai,4,,,,1
Nexus_Ortai,5,,,,1
Nexus_Ortai,6,,,,1
Nez_Peron,1,Independent_Forces,Generate_Force,1,
Nez_Peron,2,,,,1
Nez_Peron,3,,,,1
Nez_Peron,4,,,,1
Nez_Peron,5,,,,1
Nez_Peron,6,,,,1
Nihil,1,Eternal_Empire,Generate_Force,1,
Nihil,2,,,,1
Nihil,3,,,,1
Nihil,4,,,,1
Nihil,5,,,,1
Nihil,6,,,,1
Nimban,1,Hutt_Cartels,Generate_Force,1,
Nimban,2,,,,1
Nimban,3,,,,1
Nimban,4,,,,1
Nimban,5,,,,1
Nimban,6,,,,1
Nixor,1,Krath,Generate_Force,1,
Nixor,2,,,,1
Nixor,3,,,,1
Nixor,4,Rebel,Generate_Force,1,
Nixor,5,,,,4
Nixor,6,,,,4
Nocto,1,Independent_Forces,Generate_Force,1,
Nocto,2,,,,1
Nocto,3,,,,1
Nocto,4,,,,1
Nocto,5,,,,1
Nocto,6,,,,1
Noonar,1,Independent_Forces,Generate_Force,1,
Noonar,2,,,,1
Noonar,3,,,,1
Noonar,4,,,,1
Noonar,5,,,,1
Noonar,6,,,,1
Noquivzor,1,Empire,Generate_Force,1,
Noquivzor,2,,,,1
Noquivzor,3,,,,1
Noquivzor,4,,,,1
Noquivzor,5,,,,1
Noquivzor,6,,,,1
Nouane,1,Empire,Generate_Force,1,
Nouane,2,,,,1
Nouane,3,Underworld,Generate_Force,1,
Nouane,4,,,,1
Nouane,5,,,,1
Nouane,6,,,,1
Nubia,1,Empire,Generate_Force,1,
Nubia,2,,,,1
Nubia,3,,,,1
Nubia,4,Rebel,Generate_Force,1,
Nubia,5,,,,4
Nubia,6,Sith_Warlords,Generate_Force,1,
Nulan,1,Independent_Forces,Generate_Force,1,
Nulan,2,,,,1
Nulan,3,,,,1
Nulan,4,,,,1
Nulan,5,,,,1
Nulan,6,,,,1
Nzoth,1,Independent_Forces,Generate_Force,1,
Nzoth,2,,,,1
Nzoth,3,,,,1
Nzoth,4,,,,1
Nzoth,5,,,,1
Nzoth,6,,,,1
Oba_Diah,1,Independent_Forces,Generate_Force,1,
Oba_Diah,2,,,,1
Oba_Diah,3,,,,1
Oba_Diah,4,,,,1
Oba_Diah,5,,,,1
Oba_Diah,6,,,,1
Obredaan,1,Independent_Forces,Generate_Force,1,
Obredaan,2,,,,1
Obredaan,3,,,,1
Obredaan,4,,,,1
Obredaan,5,,,,1
Obredaan,6,,,,1
Obroa_Skai,1,Empire,Generate_Force,1,
Obroa_Skai,2,,,,1
Obroa_Skai,3,Underworld,Generate_Force,1,
Obroa_Skai,4,,,,3
Obroa_Skai,5,,,,3
Obroa_Skai,6,,,,3
Obulette,1,Empire,Generate_Force,1,
Obulette,2,,,,1
Obulette,3,,,,1
Obulette,4,,,,1
Obulette,5,,,,1
Obulette,6,,,,1
Ojom,1,Sector_Forces,Generate_Force,1,
Ojom,2,,,,1
Ojom,3,,,,1
Ojom,4,,,,1
Ojom,5,,,,1
Ojom,6,,,,1
Omonoth,1,Empire,Generate_Force,1,
Omonoth,2,,,,1
Omonoth,3,Underworld,Generate_Force,1,
Omonoth,4,,,,3
Omonoth,5,,,,3
Omonoth,6,,,,3
Onderon,1,Empire,Generate_Force,1,
Onderon,2,,,,1
Onderon,3,Underworld,Generate_Force,1,
Onderon,4,,,,1
Onderon,5,,,,1
Onderon,6,,,,1
Ord_Biniir,1,Empire,Generate_Force,1,
Ord_Biniir,2,,,,1
Ord_Biniir,3,,,,1
Ord_Biniir,4,,,,1
Ord_Biniir,5,,,,1
Ord_Biniir,6,,,,1
Ord_Cantrell,1,Independent_Forces,Generate_Force,1,
Ord_Cantrell,2,,,,1
Ord_Cantrell,3,,,,1
Ord_Cantrell,4,,,,1
Ord_Cantrell,5,,,,1
Ord_Cantrell,6,,,,1
Ord_Cestus,1,Empire,Generate_Force,1,
Ord_Cestus,2,,,,1
Ord_Cestus,3,,,,1
Ord_Cestus,4,,,,1
Ord_Cestus,5,Rebel,Generate_Force,1,
Ord_Cestus,6,,,,5
Ord_Mantell,1,Independent_Forces,Generate_Force,1,
Ord_Mantell,2,,,,1
Ord_Mantell,3,Underworld,Generate_Force,1,
Ord_Mantell,4,,,,3
Ord_Mantell,5,,,,3
Ord_Mantell,6,,,,3
Ord_Padron,1,Empire,Generate_Force,1,
Ord_Padron,2,,,,1
Ord_Padron,3,,,,1
Ord_Padron,4,,,,1
Ord_Padron,5,,,,1
Ord_Padron,6,,,,1
Ord_Radama,1,Rebel,Generate_Force,1,
Ord_Radama,2,,,,1
Ord_Radama,3,Underworld,Generate_Force,1,
Ord_Radama,4,,,,1
Ord_Radama,5,,,,1
Ord_Radama,6,,,,1
Ord_Tiddell,1,Empire,Generate_Force,1,
Ord_Tiddell,2,,,,1
Ord_Tiddell,3,,,,1
Ord_Tiddell,4,,,,1
Ord_Tiddell,5,,,,1
Ord_Tiddell,6,,,,1
Ord_Trasi,1,Independent_Forces,Generate_Force,1,
Ord_Trasi,2,,,,1
Ord_Trasi,3,,,,1
Ord_Trasi,4,,,,1
Ord_Trasi,5,Rebel,Generate_Force,1,
Ord_Trasi,0,Sith_Warlords,Generate_Force,1,
Ord_Vaug,1,Empire,Generate_Force,1,
Ord_Vaug,2,,,,1
Ord_Vaug,3,,,,1
Ord_Vaug,4,,,,1
Ord_Vaug,5,,,,1
Ord_Vaug,6,,,,1
Ordo,1,Underworld,Generate_Force,1,
Ordo,2,,,,1
Ordo,3,,,,1
Ordo,4,,,,1
Ordo,5,,,,1
Ordo,6,,,,1
Oreen,1,Empire,Generate_Force,1,
Oreen,2,,,,1
Oreen,3,,,,1
Oreen,4,,,,1
Oreen,5,,,,1
Oreen,6,,,,1
Orinda,1,Empire,Generate_Force,1,
Orinda,2,,,,1
Orinda,3,,,,1
Orinda,4,,,,1
Orinda,5,,,,1
Orinda,6,,,,1
Orion,1,Tion_Hegemony,Generate_Force,1,
Orion,2,,,,1
Orion,3,,,,1
Orion,4,,,,1
Orion,5,,,,1
Orion,6,,,,1
Oristrom,1,Independent_Forces,Generate_Force,1,
Oristrom,2,,,,1
Oristrom,3,,,,1
Oristrom,4,,,,1
Oristrom,5,,,,1
Oristrom,6,,,,1
Orleon,1,Empire,Generate_Force,1,
Orleon,2,,,,1
Orleon,3,,,,1
Orleon,4,,,,1
Orleon,5,,,,1
Orleon,6,,,,1
Orocco,1,Empire,Generate_Force,1,
Orocco,2,,,,1
Orocco,3,Underworld,Generate_Force,1,
Orocco,4,,,,1
Orocco,5,Rebel,Generate_Force,1,
Orocco,6,Sith_Warlords,Generate_Force,1,
Orron,1,Independent_Forces,Generate_Force,1,
Orron,2,,,,1
Orron,3,,,,1
Orron,4,,,,1
Orron,5,,,,1
Orron,6,,,,1
Oslumpex,1,Independent_Forces,Generate_Force,1,
Oslumpex,2,,,,1
Oslumpex,3,,,,1
Oslumpex,4,,,,1
Oslumpex,5,,,,1
Oslumpex,6,,,,1
Osseriton,1,Chiss,Generate_Force,1,
Osseriton,2,,,,1
Osseriton,3,,,,1
Osseriton,4,,,,1
Osseriton,5,,,,1
Osseriton,6,,,,1
Ossus,1,Empire,Generate_Force,1,
Ossus,2,,,,1
Ossus,3,,,,1
Ossus,4,,,,1
Ossus,5,,,,1
Ossus,6,,,,1
Paarin_Minor,1,Sector_Forces,Generate_Force,1,
Paarin_Minor,2,,,,1
Paarin_Minor,3,,,,1
Paarin_Minor,4,,,,1
Paarin_Minor,5,,,,1
Paarin_Minor,6,,,,1
Pako_Ramoon,1,Independent_Forces,Generate_Force,1,
Pako_Ramoon,2,,,,1
Pako_Ramoon,3,,,,1
Pako_Ramoon,4,,,,1
Pako_Ramoon,5,,,,1
Pako_Ramoon,6,,,,1
Pakrik_Minor,1,Empire,Generate_Force,1,
Pakrik_Minor,2,,,,1
Pakrik_Minor,3,,,,1
Pakrik_Minor,4,,,,1
Pakrik_Minor,5,,,,1
Pakrik_Minor,6,,,,1
Palanhi,1,Empire,Generate_Force,1,
Palanhi,2,,,,1
Palanhi,3,,,,1
Palanhi,4,,,,1
Palanhi,5,,,,1
Palanhi,6,,,,1
Pallaxides,1,Empire,Generate_Force,1,
Pallaxides,2,,,,1
Pallaxides,3,Underworld,Generate_Force,1,
Pallaxides,4,,,,3
Pallaxides,5,,,,3
Pallaxides,6,,,,3
Pammant,1,Mon_Cal_Kingdom,Generate_Force,1,
Pammant,2,,,,1
Pammant,3,,,,1
Pammant,4,,,,1
Pammant,5,,,,1
Pammant,6,,,,1
Pantolomin,1,Empire,Generate_Force,1,
Pantolomin,2,,,,1
Pantolomin,3,,,,1
Pantolomin,4,,,,1
Pantolomin,5,,,,1
Pantolomin,6,,,,1
Pantora,1,Independent_Forces,Generate_Force,1,
Pantora,2,,,,1
Pantora,3,,,,1
Pantora,4,,,,1
Pantora,5,,,,1
Pantora,6,,,,1
Pashvi,1,Independent_Forces,Generate_Force,1,
Pashvi,2,,,,1
Pashvi,3,,,,1
Pashvi,4,,,,1
Pashvi,5,,,,1
Pashvi,6,,,,1
Peg_Shar,1,Tion_Hegemony,Generate_Force,1,
Peg_Shar,2,,,,1
Peg_Shar,3,,,,1
Peg_Shar,4,,,,1
Peg_Shar,5,,,,1
Peg_Shar,6,,,,1
Pelagon,1,Empire,Generate_Force,1,
Pelagon,2,,,,1
Pelagon,3,,,,1
Pelagon,4,Rebel,Generate_Force,1,
Pelagon,5,,,,4
Pelagon,6,Sith_Warlords,Generate_Force,1,
Peragus,1,Empire,Generate_Force,1,
Peragus,2,,,,1
Peragus,3,,,,1
Peragus,4,,,,1
Peragus,5,,,,1
Peragus,6,,,,1
Perann_Nebula,1,Eternal_Empire,Generate_Force,1,
Perann_Nebula,2,,,,1
Perann_Nebula,3,,,,1
Perann_Nebula,4,,,,1
Perann_Nebula,5,,,,1
Perann_Nebula,6,,,,1
Pesfavri,1,Independent_Forces,Generate_Force,1,
Pesfavri,2,,,,1
Pesfavri,3,,,,1
Pesfavri,4,,,,1
Pesfavri,5,,,,1
Pesfavri,6,,,,1
Phaeda,1,Sector_Forces,Generate_Force,1,
Phaeda,2,,,,1
Phaeda,3,,,,1
Phaeda,4,,,,1
Phaeda,5,,,,1
Phaeda,6,,,,1
Phindar,1,Underworld,Generate_Force,1,
Phindar,2,,,,1
Phindar,3,,,,1
Phindar,4,Rebel,Generate_Force,1,
Phindar,5,,,,4
Phindar,6,,,,4
Poderis,1,Independent_Forces,Generate_Force,1,
Poderis,2,,,,1
Poderis,3,,,,1
Poderis,4,,,,1
Poderis,5,,,,1
Poderis,6,,,,1
Poln_Major,1,Independent_Forces,Generate_Force,1,
Poln_Major,2,,,,1
Poln_Major,3,,,,1
Poln_Major,4,,,,1
Poln_Major,5,,,,1
Poln_Major,6,,,,1
Polneye,1,Independent_Forces,Generate_Force,1,
Polneye,2,,,,1
Polneye,3,,,,1
Polneye,4,,,,1
Polneye,5,,,,1
Polneye,6,,,,1
Polus,1,Independent_Forces,Generate_Force,1,
Polus,2,,,,1
Polus,3,,,,1
Polus,4,,,,1
Polus,5,,,,1
Polus,6,,,,1
Porchello,1,Independent_Forces,Generate_Force,1,
Porchello,2,,,,1
Porchello,3,,,,1
Porchello,4,,,,1
Porchello,5,,,,1
Porchello,6,,,,1
Porus_Vida,1,Empire,Generate_Force,1,
Porus_Vida,2,,,,1
Porus_Vida,3,,,,1
Porus_Vida,4,,,,1
Porus_Vida,5,,,,1
Porus_Vida,6,,,,1
Poseidenna,1,Mon_Cal_Kingdom,Generate_Force,1,
Poseidenna,2,,,,1
Poseidenna,3,,,,1
Poseidenna,4,,,,1
Poseidenna,5,,,,1
Poseidenna,6,,,,1
Praadost,1,Empire,Generate_Force,1,
Praadost,2,,,,1
Praadost,3,Underworld,Generate_Force,1,
Praadost,4,,,,1
Praadost,5,Rebel,Generate_Force,1,
Praadost,6,,,,5
Praesitlyn,1,Independent_Forces,Generate_Force,1,
Praesitlyn,2,,,,1
Praesitlyn,3,,,,1
Praesitlyn,4,,,,1
Praesitlyn,5,,,,1
Praesitlyn,6,,,,1
Prakith,1,Rebel,Generate_Force,1,
Prakith,2,,,,1
Prakith,3,,,,1
Prakith,4,,,,1
Prakith,5,,,,1
Prakith,6,,,,1
Prefsbelt,1,Empire,Generate_Force,1,
Prefsbelt,2,,,,1
Prefsbelt,3,,,,1
Prefsbelt,4,,,,1
Prefsbelt,5,,,,1
Prefsbelt,6,,,,1
Prildaz,1,Independent_Forces,Generate_Force,1,
Prildaz,2,,,,1
Prildaz,3,,,,1
Prildaz,4,,,,1
Prildaz,5,,,,1
Prildaz,6,,,,1
Qoribu,1,Killik_Hives,Generate_Force,1,
Qoribu,2,,,,1
Qoribu,3,,,,1
Qoribu,4,,,,1
Qoribu,5,,,,1
Qoribu,6,,,,1
Qretu,1,Empire,Generate_Force,1,
Qretu,2,,,,1
Qretu,3,,,,1
Qretu,4,,,,1
Qretu,5,,,,1
Qretu,6,,,,1
Quelii,1,Underworld,Generate_Force,1,
Quelii,2,,,,
Quelii,3,,,,
Quelii,4,,,,
Quelii,5,,,,
Quelii,6,,,,
Quellor,1,Empire,Generate_Force,1,
Quellor,2,Underworld,Generate_Force,1,
Quellor,3,,,,2
Quellor,4,,,,2
Quellor,5,,,,2
Quellor,6,,,,2
Quermia,1,Empire,Generate_Force,1,
Quermia,2,,,,1
Quermia,3,Underworld,Generate_Force,1,
Quermia,4,Rebel,Generate_Force,1,
Quermia,5,,,,4
Quermia,6,,,,4
Quesh,1,Independent_Forces,Generate_Force,1,
Quesh,2,,,,1
Quesh,3,,,,1
Quesh,4,,,,1
Quesh,5,,,,1
Quesh,6,,,,1
Quethold,1,Independent_Forces,Generate_Force,1,
Quethold,2,,,,1
Quethold,3,,,,1
Quethold,4,,,,1
Quethold,5,,,,1
Quethold,6,,,,1
Ragmar,1,Independent_Forces,Generate_Force,1,
Ragmar,2,,,,1
Ragmar,3,,,,1
Ragmar,4,,,,1
Ragmar,5,,,,1
Ragmar,6,,,,1
Rago,1,Independent_Forces,Generate_Force,1,
Rago,2,,,,1
Rago,3,,,,1
Rago,4,,,,1
Rago,5,,,,1
Rago,6,,,,1
Rakata,1,Rakata_Empire,Generate_Force,1,
Rakata,2,,,,1
Rakata,3,,,,1
Rakata,4,,,,1
Rakata,5,,,,1
Rakata,6,,,,1
Ralltiir,1,Empire,Generate_Force,1,
Ralltiir,2,,,,1
Ralltiir,3,,,,1
Ralltiir,4,,,,1
Ralltiir,5,,,,1
Ralltiir,6,,,,1
Randon,1,Rebel,Generate_Force,1,
Randon,2,,,,1
Randon,3,Empire,Generate_Force,1,
Randon,4,,,,1
Randon,5,,,,1
Randon,6,Sith_Warlords,Generate_Force,1,
Rattatak,1,Independent_Forces,Generate_Force,1,
Rattatak,2,,,,1
Rattatak,3,,,,1
Rattatak,4,,,,1
Rattatak,5,,,,1
Rattatak,6,,,,1
Raxus,1,Krath,Generate_Force,1,
Raxus,2,,,,1
Raxus,3,Empire,Generate_Force,1,
Raxus,4,Rebel,Generate_Force,1,
Raxus,5,,,,4
Raxus,6,,,,4
Raxus_Second,1,Krath,Generate_Force,1,
Raxus_Second,2,,,,1
Raxus_Second,3,Empire,Generate_Force,1,
Raxus_Second,4,Rebel,Generate_Force,1,
Raxus_Second,5,,,,4
Raxus_Second,6,,,,4
Rduba,1,Rebel,Generate_Force,1,
Rduba,2,,,,1
Rduba,3,,,,1
Rduba,4,,,,1
Rduba,5,,,,1
Rduba,6,,,,1
Reecee,1,Empire,Generate_Force,1,
Reecee,2,,,,1
Reecee,3,,,,1
Reecee,4,,,,1
Reecee,5,Rebel,Generate_Force,1,
Reecee,6,,,,5
Rekkiad,1,Independent_Forces,Generate_Force,1,
Rekkiad,2,,,,1
Rekkiad,3,Underworld,Generate_Force,1,
Rekkiad,4,,,,3
Rekkiad,5,,,,3
Rekkiad,6,,,,3
Relephon,1,Hapes_Consortium,Generate_Force,1,
Relephon,2,,,,1
Relephon,3,,,,1
Relephon,4,,,,1
Relephon,5,,,,1
Relephon,6,,,,1
Rendili,1,Empire,Generate_Force,1,
Rendili,2,,,,1
Rendili,3,,,,1
Rendili,4,Rebel,Generate_Force,1,
Rendili,5,,,,4
Rendili,6,Sith_Warlords,Generate_Force,1,
Rennek,1,Eternal_Empire,Generate_Force,1,
Rennek,2,,,,1
Rennek,3,,,,1
Rennek,4,,,,1
Rennek,5,,,,1
Rennek,6,,,,1
Rhand,1,Eternal_Empire,Generate_Force,1,
Rhand,2,,,,1
Rhand,3,,,,1
Rhand,4,,,,1
Rhand,5,,,,1
Rhand,6,,,,1
Rhelg,1,Rebel,Generate_Force,1,
Rhelg,2,,,,1
Rhelg,3,,,,1
Rhelg,4,,,,1
Rhelg,5,,,,1
Rhelg,6,,,,1
Rhen_Var,2,Rebel,Generate_Force,1,
Rhen_Var,3,,,,2
Rhen_Var,4,,,,2
Rhen_Var,5,,,,2
Rhen_Var,6,,,,2
Rhigar,1,Chiss,Generate_Force,1,
Rhigar,2,,,,1
Rhigar,3,,,,1
Rhigar,4,,,,1
Rhigar,5,,,,1
Rhigar,6,,,,1
Rhommamool,1,Empire,Generate_Force,1,
Rhommamool,2,,,,1
Rhommamool,3,,,,1
Rhommamool,4,,,,1
Rhommamool,5,,,,1
Rhommamool,6,,,,1
Riflor,1,Independent_Forces,Generate_Force,1,
Riflor,2,,,,1
Riflor,3,,,,1
Riflor,4,,,,1
Riflor,5,,,,1
Riflor,6,,,,1
Ringneldia,1,Rebel,Generate_Force,1,
Ringneldia,2,,,,1
Ringneldia,3,,,,1
Ringneldia,4,,,,1
Ringneldia,5,,,,1
Ringneldia,6,,,,1
Ringo_Vinda,1,Underworld,Generate_Force,1,
Ringo_Vinda,2,Empire,Generate_Force,1,
Ringo_Vinda,3,,,,2
Ringo_Vinda,4,Rebel,Generate_Force,1,
Ringo_Vinda,5,,,,4
Ringo_Vinda,6,Sith_Warlords,Generate_Force,1,
Rintonne,1,Empire,Generate_Force,1,
Rintonne,2,,,,1
Rintonne,3,,,,1
Rintonne,4,,,,1
Rintonne,5,,,,1
Rintonne,6,,,,1
Rion,1,Hutt_Cartels,Generate_Force,1,
Rion,2,,,,1
Rion,3,,,,1
Rion,4,,,,1
Rion,5,,,,1
Rion,6,,,,1
Rishi,1,Empire,Generate_Force,1,
Rishi,2,,,,1
Rishi,3,,,,1
Rishi,4,,,,1
Rishi,5,,,,1
Rishi,6,,,,1
Roche,1,Underworld,Generate_Force,1,
Roche,2,,,,1
Roche,3,,,,1
Roche,4,Empire,Generate_Force,1,
Roche,5,Rebel,Generate_Force,1,
Roche,6,,,,5
Rodia,1,Independent_Forces,Generate_Force,1,
Rodia,2,,,,1
Rodia,3,,,,1
Rodia,4,,,,1
Rodia,5,Rebel,Generate_Force,1,
Rodia,6,,,,5
Romin,1,Independent_Forces,Generate_Force,1,
Romin,2,,,,1
Romin,3,,,,1
Romin,4,,,,1
Romin,5,,,,1
Romin,6,,,,1
Ronyards,1,Independent_Forces,Generate_Force,1,
Ronyards,2,,,,1
Ronyards,3,,,,1
Ronyards,4,,,,1
Ronyards,5,,,,1
Ronyards,6,,,,1
Roqoo,1,Hapes_Consortium,Generate_Force,1,
Roqoo,2,,,,1
Roqoo,3,,,,1
Roqoo,4,,,,1
Roqoo,5,,,,1
Roqoo,6,,,,1
Roxuli,1,Independent_Forces,Generate_Force,1,
Roxuli,2,,,,1
Roxuli,3,,,,1
Roxuli,4,,,,1
Roxuli,5,,,,1
Roxuli,6,,,,1
Rudrig,1,Krath,Generate_Force,1,
Rudrig,2,,,,1
Rudrig,3,Empire,Generate_Force,1,
Rudrig,4,Rebel,Generate_Force,1,
Rudrig,5,,,,4
Rudrig,6,,,,4
Rugosa,1,Hutt_Cartels,Generate_Force,1,
Rugosa,2,,,,1
Rugosa,3,,,,1
Rugosa,4,,,,1
Rugosa,5,,,,1
Rugosa,6,,,,1
Ruuria,1,Empire,Generate_Force,1,
Ruuria,2,,,,1
Ruuria,3,Underworld,Generate_Force,1,
Ruuria,4,Rebel,Generate_Force,1,
Ruuria,5,,,,4
Ruuria,6,,,,4
Ruusan,1,Empire,Generate_Force,1,
Ruusan,2,,,,1
Ruusan,3,,,,1
Ruusan,4,Rebel,Generate_Force,1,
Ruusan,5,,,,4
Ruusan,6,,,,4
Ryloth,1,Empire,Generate_Force,1,
Ryloth,2,,,,1
Ryloth,3,,,,1
Ryloth,4,,,,1
Ryloth,5,,,,1
Ryloth,6,,,,1
Ryndellia,1,Independent_Forces,Generate_Force,1,
Ryndellia,2,,,,1
Ryndellia,3,,,,1
Ryndellia,4,,,,1
Ryndellia,5,,,,1
Ryndellia,6,,,,1
Ryvester,1,Empire,Generate_Force,1,
Ryvester,2,Underworld,Generate_Force,1,
Ryvester,3,,,,2
Ryvester,4,Rebel,Generate_Force,1,
Ryvester,5,,,,4
Ryvester,6,,,,4
Ryyk_Nebula,1,Empire,Generate_Force,1,
Ryyk_Nebula,2,,,,1
Ryyk_Nebula,3,Underworld,Generate_Force,1,
Ryyk_Nebula,4,,,,3
Ryyk_Nebula,5,,,,3
Ryyk_Nebula,6,,,,3
Sacorria,1,Empire,Generate_Force,1,
Sacorria,2,,,,1
Sacorria,3,Underworld,Generate_Force,1,
Sacorria,4,Rebel,Generate_Force,1,
Sacorria,5,,,,4
Sacorria,6,Sith_Warlords,Generate_Force,1,
Saffalore,1,Independent_Forces,Generate_Force,1,
Saffalore,2,,,,1
Saffalore,3,,,,1
Saffalore,4,,,,1
Saffalore,5,,,,1
Saffalore,6,,,,1
Sagma,1,Rebel,Generate_Force,1,
Sagma,2,,,,1
Sagma,3,,,,1
Sagma,4,,,,1
Sagma,5,,,,1
Sagma,6,,,,1
Saijo,1,Independent_Forces,Generate_Force,1,
Saijo,2,,,,1
Saijo,3,,,,1
Saijo,4,,,,1
Saijo,5,,,,1
Saijo,6,,,,1
Saleucami,1,Hutt_Cartels,Generate_Force,1,
Saleucami,2,,,,1
Saleucami,3,,,,1
Saleucami,4,,,,1
Saleucami,5,,,,1
Saleucami,6,,,,1
Salvara,1,Underworld,Generate_Force,1,
Salvara,2,,,,1
Salvara,3,,,,1
Salvara,4,Rebel,Generate_Force,1,
Salvara,5,,,,4
Salvara,6,,,,4
Sanbra,1,Independent_Forces,Generate_Force,1,
Sanbra,2,,,,1
Sanbra,3,,,,1
Sanbra,4,,,,1
Sanbra,5,,,,1
Sanbra,6,,,,1
Sanrafsix,1,Empire,Generate_Force,1,
Sanrafsix,2,,,,1
Sanrafsix,3,,,,1
Sanrafsix,4,,,,1
Sanrafsix,5,,,,1
Sanrafsix,6,,,,1
Sarapin,1,Empire,Generate_Force,1,
Sarapin,2,,,,1
Sarapin,3,,,,1
Sarapin,4,Rebel,Generate_Force,1,
Sarapin,5,,,,4
Sarapin,6,Sith_Warlords,Generate_Force,1,
Sarko,1,Independent_Forces,Generate_Force,1,
Sarko,2,,,,1
Sarko,3,,,,1
Sarko,4,,,,1
Sarko,5,,,,1
Sarko,6,,,,1
Sarm,1,Independent_Forces,Generate_Force,1,
Sarm,2,,,,1
Sarm,3,,,,1
Sarm,4,,,,1
Sarm,5,,,,1
Sarm,6,,,,1
Sarrish,1,Sector_Forces,Generate_Force,1,
Sarrish,2,,,,1
Sarrish,3,,,,1
Sarrish,4,,,,1
Sarrish,5,,,,1
Sarrish,6,,,,1
Sarvchi,1,Chiss,Generate_Force,1,
Sarvchi,2,,,,1
Sarvchi,3,,,,1
Sarvchi,4,,,,1
Sarvchi,5,,,,1
Sarvchi,6,,,,1
Schesa,1,Chiss,Generate_Force,1,
Schesa,2,,,,1
Schesa,3,,,,1
Schesa,4,,,,1
Schesa,5,,,,1
Schesa,6,,,,1
Scipio,1,Independent_Forces,Generate_Force,1,
Scipio,2,,,,1
Scipio,3,,,,1
Scipio,4,,,,1
Scipio,5,,,,1
Scipio,6,,,,1
Sellasas,1,Rebel,Generate_Force,1,
Sellasas,2,,,,1
Sellasas,3,,,,1
Sellasas,4,,,,1
Sellasas,5,,,,1
Sellasas,6,,,,1
Sepan,1,Independent_Forces,Generate_Force,1,
Sepan,2,,,,1
Sepan,3,,,,1
Sepan,4,,,,1
Sepan,5,,,,1
Sepan,6,,,,1
Serenno,1,Independent_Forces,Generate_Force,1,
Serenno,2,Underworld,Generate_Force,1,
Serenno,3,,,,2
Serenno,4,Rebel,Generate_Force,1,
Serenno,5,,,,4
Serenno,6,,,,4
Sernpidal,1,Independent_Forces,Generate_Force,1,
Sernpidal,2,,,,1
Sernpidal,3,,,,1
Sernpidal,4,,,,1
Sernpidal,5,,,,1
Sernpidal,6,,,,1
Serroco,1,Empire,Generate_Force,1,
Serroco,2,,,,1
Serroco,3,,,,1
Serroco,4,,,,1
Serroco,5,,,,1
Serroco,6,,,,1
Seylott,1,Rakata_Empire,Generate_Force,1,
Seylott,2,,,,1
Seylott,3,,,,1
Seylott,4,,,,1
Seylott,5,,,,1
Seylott,6,,,,1
Shadren,1,Empire,Generate_Force,1,
Shadren,2,Underworld,Generate_Force,1,
Shadren,3,,,,2
Shadren,4,,,,1
Shadren,5,,,,1
Shadren,6,,,,1
Shedu_Maad,1,Hapes_Consortium,Generate_Force,1,
Shedu_Maad,2,,,,1
Shedu_Maad,3,,,,1
Shedu_Maad,4,,,,1
Shedu_Maad,5,,,,1
Shedu_Maad,6,,,,1
Shili,1,Empire,Generate_Force,1,
Shili,2,,,,1
Shili,3,,,,1
Shili,4,,,,1
Shili,5,,,,1
Shili,6,,,,1
Shner,1,Independent_Forces,Generate_Force,1,
Shner,2,,,,1
Shner,3,,,,1
Shner,4,,,,1
Shner,5,,,,1
Shner,6,,,,1
Shogun,1,Underworld,Generate_Force,1,
Shogun,2,,,,1
Shogun,3,,,,1
Shogun,4,,,,1
Shogun,5,,,,1
Shogun,6,,,,1
Shola,1,Hutt_Cartels,Generate_Force,1,
Shola,2,,,,1
Shola,3,,,,1
Shola,4,,,,1
Shola,5,,,,1
Shola,6,,,,1
Shree,1,Independent_Forces,Generate_Force,1,
Shree,2,,,,1
Shree,3,,,,1
Shree,4,,,,1
Shree,5,,,,1
Shree,6,,,,1
Sifkric,1,Independent_Forces,Generate_Force,1,
Sifkric,2,,,,1
Sifkric,3,,,,1
Sifkric,4,,,,1
Sifkric,5,,,,1
Sifkric,6,,,,1
Sikurd,1,Independent_Forces,Generate_Force,1,
Sikurd,2,,,,1
Sikurd,3,,,,1
Sikurd,4,,,,1
Sikurd,5,,,,1
Sikurd,6,,,,1
Skako,1,Empire,Generate_Force,1,
Skako,2,,,,1
Skako,3,,,,1
Skako,4,,,,1
Skako,5,,,,1
Skako,6,,,,1
Sleheyron,1,Hutt_Cartels,Generate_Force,1,
Sleheyron,2,,,,1
Sleheyron,3,,,,1
Sleheyron,4,,,,1
Sleheyron,5,,,,1
Sleheyron,6,,,,1
Sluis_Van,1,Empire,Generate_Force,1,
Sluis_Van,2,,,,1
Sluis_Van,3,,,,1
Sluis_Van,4,,,,1
Sluis_Van,5,,,,1
Sluis_Van,6,,,,1
Snevu,1,Killik_Hives,Generate_Force,1,
Snevu,2,,,,1
Snevu,3,,,,1
Snevu,4,,,,1
Snevu,5,,,,1
Snevu,6,,,,1
Solaest,1,Independent_Forces,Generate_Force,1,
Solaest,2,,,,1
Solaest,3,,,,1
Solaest,4,,,,1
Solaest,5,,,,1
Solaest,6,,,,1
Solem,1,Independent_Forces,Generate_Force,1,
Solem,2,,,,1
Solem,3,,,,1
Solem,4,,,,1
Solem,5,,,,1
Solem,6,,,,1
Sriluur,1,Hutt_Cartels,Generate_Force,1,
Sriluur,2,,,,1
Sriluur,3,,,,1
Sriluur,4,,,,1
Sriluur,5,,,,1
Sriluur,6,,,,1
Stenos,1,Tion_Hegemony,Generate_Force,1,
Stenos,2,,,,1
Stenos,3,Underworld,Generate_Force,1,
Stenos,4,Rebel,Generate_Force,1,
Stenos,5,,,,4
Stenos,6,,,,4
Storinal,1,Independent_Forces,Generate_Force,1,
Storinal,2,,,,1
Storinal,3,,,,1
Storinal,4,,,,1
Storinal,5,,,,1
Storinal,6,,,,1
Stratos,1,Independent_Forces,Generate_Force,1,
Stratos,2,,,,1
Stratos,3,,,,1
Stratos,4,,,,1
Stratos,5,,,,1
Stratos,6,,,,1
Sullust,1,Empire,Generate_Force,1,
Sullust,2,,,,1
Sullust,3,,,,1
Sullust,4,,,,1
Sullust,5,,,,1
Sullust,6,,,,1
Surron,1,Independent_Forces,Generate_Force,1,
Surron,2,,,,1
Surron,3,,,,1
Surron,4,,,,1
Surron,5,,,,1
Surron,6,,,,1
Suurja,1,Empire,Generate_Force,1,
Suurja,2,,,,1
Suurja,3,Underworld,Generate_Force,1,
Suurja,4,,,,1
Suurja,5,,,,1
Suurja,6,Rebel,Generate_Force,1,
Sy_Myrth,1,Independent_Forces,Generate_Force,1,
Sy_Myrth,2,,,,1
Sy_Myrth,3,Underworld,Generate_Force,1,
Sy_Myrth,4,Rebel,Generate_Force,1,
Sy_Myrth,5,,,,4
Sy_Myrth,6,,,,4
Syca,1,Independent_Forces,Generate_Force,1,
Syca,2,,,,1
Syca,3,,,,1
Syca,4,,,,1
Syca,5,,,,1
Syca,6,,,,1
Syned,1,Krath,Generate_Force,1,
Syned,2,Empire,Generate_Force,1,
Syned,3,,,,2
Syned,4,Rebel,Generate_Force,1,
Syned,5,,,,2
Syned,6,Sith_Warlords,Generate_Force,1,
Syni,1,Independent_Forces,Generate_Force,1,
Syni,2,,,,1
Syni,3,,,,1
Syni,4,,,,1
Syni,5,,,,1
Syni,6,,,,1
Taanab,1,Krath,Generate_Force,1,
Taanab,2,,,,1
Taanab,3,,,,1
Taanab,4,,,,1
Taanab,5,Rebel,Generate_Force,1,
Taanab,6,,,,5
Talasea,1,Empire,Generate_Force,1,
Talasea,2,,,,1
Talasea,3,Underworld,Generate_Force,1,
Talasea,4,,,,1
Talasea,5,,,,1
Talasea,6,,,,1
Talay,1,Sector_Forces,Generate_Force,1,
Talay,2,,,,1
Talay,3,,,,1
Talay,4,,,,1
Talay,5,,,,1
Talay,6,,,,1
Talcene,1,Empire,Generate_Force,1,
Talcene,2,,,,1
Talcene,3,,,,1
Talcene,4,,,,1
Talcene,5,,,,1
Talcene,6,,,,1
Talfaglio,1,Empire,Generate_Force,1,
Talfaglio,2,,,,1
Talfaglio,3,,,,1
Talfaglio,4,Rebel,Generate_Force,1,
Talfaglio,5,,,,4
Talfaglio,6,Sith_Warlords,Generate_Force,1,
Talhovi,1,Independent_Forces,Generate_Force,1,
Talhovi,2,,,,1
Talhovi,3,,,,1
Talhovi,4,,,,1
Talhovi,5,,,,1
Talhovi,6,,,,1
Taloraan,1,Independent_Forces,Generate_Force,1,
Taloraan,2,,,,1
Taloraan,3,,,,1
Taloraan,4,,,,1
Taloraan,5,,,,1
Taloraan,6,,,,1
Talus_Tralus,1,Empire,Generate_Force,1,
Talus_Tralus,2,,,,1
Talus_Tralus,3,,,,1
Talus_Tralus,4,Rebel,Generate_Force,1,
Talus_Tralus,5,,,,4
Talus_Tralus,6,Sith_Warlords,Generate_Force,1,
Tangrene,1,Independent_Forces,Generate_Force,1,
Tangrene,2,,,,1
Tangrene,3,,,,1
Tangrene,4,,,,1
Tangrene,5,,,,1
Tangrene,6,,,,1
Tar_Morden,1,Sector_Forces,Generate_Force,1,
Tar_Morden,2,,,,1
Tar_Morden,3,,,,1
Tar_Morden,4,,,,1
Tar_Morden,5,,,,1
Tar_Morden,6,,,,1
Taral_V,1,Rebel,Generate_Force,1,
Taral_V,2,,,,1
Taral_V,3,,,,1
Taral_V,4,,,,1
Taral_V,5,,,,1
Taral_V,6,,,,1
Taris,1,Empire,Generate_Force,1,
Taris,2,,,,1
Taris,3,Underworld,Generate_Force,1,
Taris,4,Independent_Forces,Generate_Force,1,
Taris,5,,,,4
Taris,6,,,,4
Tartaglia,1,Independent_Forces,Generate_Force,1,
Tartaglia,2,,,,1
Tartaglia,3,,,,1
Tartaglia,4,Rebel,Generate_Force,1,
Tartaglia,5,Sith_Warlords,Generate_Force,1,
Tartaglia,6,,,,5
Taskeed,1,Krath,Generate_Force,1,
Taskeed,2,Underworld,Generate_Force,1,
Taskeed,3,,,,2
Taskeed,4,Hutt_Cartels,Generate_Force,1,
Taskeed,5,,,,4
Taskeed,6,,,,4
Tatooine,1,Independent_Forces,Generate_Force,1,
Tatooine,2,,,,1
Tatooine,3,,,,1
Tatooine,4,,,,1
Tatooine,5,,,,1
Tatooine,6,,,,1
Telos,1,Empire,Generate_Force,1,
Telos,2,,,,1
Telos,3,,,,1
Telos,4,,,,1
Telos,5,,,,1
Telos,6,,,,1
Telti,1,Empire,Generate_Force,1,
Telti,2,,,,1
Telti,3,,,,1
Telti,4,,,,1
Telti,5,,,,1
Telti,6,,,,1
Tenupe,1,Killik_Hives,Generate_Force,1,
Tenupe,2,,,,1
Tenupe,3,,,,1
Tenupe,4,,,,1
Tenupe,5,,,,1
Tenupe,6,,,,1
Tepasi,1,Empire,Generate_Force,1,
Tepasi,2,,,,1
Tepasi,3,,,,1
Tepasi,4,,,,1
Tepasi,5,,,,1
Tepasi,6,,,,1
Teptixii,1,Independent_Forces,Generate_Force,1,
Teptixii,2,,,,1
Teptixii,3,,,,1
Teptixii,4,,,,1
Teptixii,5,,,,1
Teptixii,6,,,,1
Terephon,1,Hapes_Consortium,Generate_Force,1,
Terephon,2,,,,1
Terephon,3,,,,1
Terephon,4,,,,1
Terephon,5,,,,1
Terephon,6,,,,1
Teth,1,Hutt_Cartels,Generate_Force,1,
Teth,2,,,,1
Teth,3,,,,1
Teth,4,,,,1
Teth,5,,,,1
Teth,6,,,,1
Teya,1,Empire,Generate_Force,1,
Teya,2,,,,1
Teya,3,,,,1
Teya,4,,,,1
Teya,5,,,,1
Teya,6,,,,1
Thanos,1,Empire,Generate_Force,1,
Thanos,2,,,,1
Thanos,3,,,,1
Thanos,4,,,,1
Thanos,5,,,,1
Thanos,6,,,,1
The_Prism,1,Empire,Generate_Force,1,
The_Prism,2,,,,1
The_Prism,3,,,,1
The_Prism,4,,,,1
The_Prism,5,,,,1
The_Prism,6,,,,1
The_Redoubt,1,Chiss,Generate_Force,1,
The_Redoubt,2,,,,1
The_Redoubt,3,,,,1
The_Redoubt,4,,,,1
The_Redoubt,5,,,,1
The_Redoubt,6,,,,1
Thila,1,Independent_Forces,Generate_Force,1,
Thila,2,,,,1
Thila,3,,,,1
Thila,4,,,,1
Thila,5,,,,1
Thila,6,,,,1
ThonBoka,1,Hutt_Cartels,Generate_Force,1,
ThonBoka,2,,,,1
ThonBoka,3,,,,1
ThonBoka,4,,,,1
ThonBoka,5,,,,1
ThonBoka,6,,,,1
Thrago,1,Killik_Hives,Generate_Force,1,
Thrago,2,,,,1
Thrago,3,,,,1
Thrago,4,,,,1
Thrago,5,,,,1
Thrago,6,,,,1
Thule,1,Rebel,Generate_Force,1,
Thule,2,,,,1
Thule,3,,,,1
Thule,4,,,,1
Thule,5,,,,1
Thule,6,,,,1
Thrustra,1,Independent_Forces,Generate_Force,1,
Thrustra,2,,,,1
Thrustra,3,,,,1
Thrustra,4,,,,1
Thrustra,5,,,,1
Thrustra,6,,,,1
Thyferra,1,Empire,Generate_Force,1,
Thyferra,2,,,,1
Thyferra,3,,,,1
Thyferra,4,Rebel,Generate_Force,1,
Thyferra,5,,,,4
Thyferra,6,,,,4
Thyrsus,1,Empire,Generate_Force,1,
Thyrsus,2,,,,1
Thyrsus,3,,,,1
Thyrsus,4,,,,1
Thyrsus,5,,,,1
Thyrsus,6,,,,1
Tibrin,1,Empire,Generate_Force,1,
Tibrin,2,,,,1
Tibrin,3,,,,1
Tibrin,4,,,,1
Tibrin,5,,,,1
Tibrin,6,,,,1
Timora,1,Independent_Forces,Generate_Force,1,
Timora,2,,,,1
Timora,3,,,,1
Timora,4,,,,1
Timora,5,,,,1
Timora,6,,,,1
Tingel_Deepspace_Besh,1,Krath,Generate_Force,1,
Tingel_Deepspace_Besh,2,,,,1
Tingel_Deepspace_Besh,3,,,,1
Tingel_Deepspace_Besh,4,Rebel,Generate_Force,1,
Tingel_Deepspace_Besh,5,,,,4
Tingel_Deepspace_Besh,6,,,,4
Tisssharl,1,Independent_Forces,Generate_Force,1,
Tisssharl,2,,,,1
Tisssharl,3,,,,1
Tisssharl,4,,,,1
Tisssharl,5,,,,1
Tisssharl,6,,,,1
Togoria,1,Underworld,Generate_Force,1,
Togoria,2,,,,1
Togoria,3,,,,1
Togoria,4,,,,1
Togoria,5,,,,1
Togoria,6,,,,1
Tol_Amn,1,Hutt_Cartels,Generate_Force,1,
Tol_Amn,2,,,,1
Tol_Amn,3,,,,1
Tol_Amn,4,,,,1
Tol_Amn,5,,,,1
Tol_Amn,6,,,,1
Ton_Falk,1,Independent_Forces,Generate_Force,1,
Ton_Falk,2,,,,1
Ton_Falk,3,Underworld,Generate_Force,1,
Ton_Falk,4,Rebel,Generate_Force,1,
Ton_Falk,5,,,,4
Ton_Falk,6,Sith_Warlords,Generate_Force,1,
Toola,1,Empire,Generate_Force,1,
Toola,2,,,,1
Toola,3,Underworld,Generate_Force,1,
Toola,4,Rebel,Generate_Force,1,
Toola,5,,,,4
Toola,6,,,,4
Toprawa,1,Underworld,Generate_Force,1,
Toprawa,2,,,,1
Toprawa,3,,,,1
Toprawa,4,Rebel,Generate_Force,1,
Toprawa,5,,,,4
Toprawa,6,,,,4
Tosste,1,Rebel,Generate_Force,1,
Tosste,2,,,,1
Tosste,3,,,,1
Tosste,4,,,,1
Tosste,5,,,,1
Tosste,6,Sith_Warlords,Generate_Force,1,
Toydaria,1,Hutt_Cartels,Generate_Force,1,
Toydaria,2,,,,1
Toydaria,3,,,,1
Toydaria,4,,,,1
Toydaria,5,,,,1
Toydaria,6,,,,1
Trandosha,1,Empire,Generate_Force,1,
Trandosha,2,,,,1
Trandosha,3,Underworld,Generate_Force,1,
Trandosha,4,Rebel,Generate_Force,1,
Trandosha,5,,,,4
Trandosha,6,,,,4
Transitory_Mists_I,1,Hapes_Consortium,Generate_Force,1,
Transitory_Mists_I,2,,,,1
Transitory_Mists_I,3,,,,1
Transitory_Mists_I,4,,,,1
Transitory_Mists_I,5,,,,1
Transitory_Mists_I,6,,,,1
Transitory_Mists_II,1,Hapes_Consortium,Generate_Force,1,
Transitory_Mists_II,2,,,,1
Transitory_Mists_II,3,,,,1
Transitory_Mists_II,4,,,,1
Transitory_Mists_II,5,,,,1
Transitory_Mists_II,6,,,,1
Transitory_Mists_III,1,Hapes_Consortium,Generate_Force,1,
Transitory_Mists_III,2,,,,1
Transitory_Mists_III,3,,,,1
Transitory_Mists_III,4,,,,1
Transitory_Mists_III,5,,,,1
Transitory_Mists_III,6,,,,1
Travel_Pacor,1,Empire,Generate_Force,1,
Travel_Pacor,2,,,,1
Travel_Pacor,3,Underworld,Generate_Force,1,
Travel_Pacor,4,,,,1
Travel_Pacor,5,Rebel,Generate_Force,1,
Travel_Pacor,6,,,,1
Trian,1,Independent_Forces,Generate_Force,1,
Trian,2,,,,1
Trian,3,,,,1
Trian,4,,,,1
Trian,5,,,,1
Trian,6,,,,1
Triton,1,Independent_Forces,Generate_Force,1,
Triton,2,,,,1
Triton,3,,,,1
Triton,4,,,,1
Triton,5,,,,1
Triton,6,,,,1
Troukree,1,Independent_Forces,Generate_Force,1,
Troukree,2,,,,1
Troukree,3,,,,1
Troukree,4,,,,1
Troukree,5,,,,1
Troukree,6,,,,1
Tulpaa,1,Rakata_Empire,Generate_Force,1,
Tulpaa,2,,,,1
Tulpaa,3,,,,1
Tulpaa,4,,,,1
Tulpaa,5,,,,1
Tulpaa,6,,,,1
Tund,1,Rebel,Generate_Force,1,
Tund,2,,,,1
Tund,3,,,,1
Tund,4,,,,1
Tund,5,,,,1
Tund,6,,,,1
Turcan,1,Independent_Forces,Generate_Force,1,
Turcan,2,,,,1
Turcan,3,,,,1
Turcan,4,,,,1
Turcan,5,,,,1
Turcan,6,,,,1
Turkana,1,Independent_Forces,Generate_Force,1,
Turkana,2,,,,1
Turkana,3,Underworld,Generate_Force,1,
Turkana,4,Rebel,Generate_Force,1,
Turkana,5,,,,4
Turkana,6,Sith_Warlords,Generate_Force,1,
Tuskens_Eye,1,Killik_Hives,Generate_Force,1,
Tuskens_Eye,2,,,,1
Tuskens_Eye,3,,,,1
Tuskens_Eye,4,,,,1
Tuskens_Eye,5,,,,1
Tuskens_Eye,6,,,,1
Tyan,1,Independent_Forces,Generate_Force,1,
Tyan,2,,,,1
Tyan,3,,,,1
Tyan,4,,,,1
Tyan,5,,,,1
Tyan,6,,,,1
Tynna,1,Empire,Generate_Force,1,
Tynna,2,,,,1
Tynna,3,,,,1
Tynna,4,Rebel,Generate_Force,1,
Tynna,5,,,,4
Tynna,6,Sith_Warlords,Generate_Force,1,
Tythe,1,Independent_Forces,Generate_Force,1,
Tythe,2,,,,1
Tythe,3,,,,1
Tythe,4,,,,1
Tythe,5,,,,1
Tythe,6,,,,1
Ubrikkia,1,Independent_Forces,Generate_Force,1,
Ubrikkia,2,,,,1
Ubrikkia,3,,,,1
Ubrikkia,4,Rebel,Generate_Force,1,
Ubrikkia,5,,,,4
Ubrikkia,6,Sith_Warlords,Generate_Force,1,
Udray,1,Independent_Forces,Generate_Force,1,
Udray,2,,,,1
Udray,3,,,,1
Udray,4,,,,1
Udray,5,,,,1
Udray,6,,,,1
Ukio,1,Empire,Generate_Force,1,
Ukio,2,,,,1
Ukio,3,,,,1
Ukio,4,,,,1
Ukio,5,,,,1
Ukio,6,,,,1
Ulda_frav,1,Krath,Generate_Force,1,
Ulda_frav,2,,,,1
Ulda_frav,3,,,,1
Ulda_frav,4,Rebel,Generate_Force,1,
Ulda_frav,5,,,,4
Ulda_frav,6,,,,4
Ulicia,1,Independent_Forces,Generate_Force,1,
Ulicia,2,,,,1
Ulicia,3,,,,1
Ulicia,4,,,,1
Ulicia,5,,,,1
Ulicia,6,,,,1
Umarenk,1,Independent_Forces,Generate_Force,1,
Umarenk,2,,,,1
Umarenk,3,,,,1
Umarenk,4,,,,1
Umarenk,5,,,,1
Umarenk,6,,,,1
Umbara,1,Empire,Generate_Force,1,
Umbara,2,,,,1
Umbara,3,,,,1
Umbara,4,,,,1
Umbara,5,,,,1
Umbara,6,,,,1
Utapau,1,Independent_Forces,Generate_Force,1,
Utapau,2,,,,1
Utapau,3,,,,1
Utapau,4,,,,1
Utapau,5,,,,1
Utapau,6,,,,1
Utegetu_Nebula,1,Killik_Hives,Generate_Force,1,
Utegetu_Nebula,2,,,,1
Utegetu_Nebula,3,,,,1
Utegetu_Nebula,4,,,,1
Utegetu_Nebula,5,,,,1
Utegetu_Nebula,6,,,,1
Vagar_Praxut,1,Rakata_Empire,Generate_Force,1,
Vagar_Praxut,2,,,,1
Vagar_Praxut,3,,,,1
Vagar_Praxut,4,,,,1
Vagar_Praxut,5,,,,1
Vagar_Praxut,6,,,,1
Vaklin,1,Empire,Generate_Force,1,
Vaklin,2,,,,1
Vaklin,3,,,,1
Vaklin,4,,,,1
Vaklin,5,,,,1
Vaklin,6,,,,1
Valahari,1,Underworld,Generate_Force,1,
Valahari,2,,,,1
Valahari,3,,,,1
Valahari,4,Rebel,Generate_Force,1,
Valahari,5,,,,4
Valahari,6,,,,4
Valc,1,Independent_Forces,Generate_Force,1,
Valc,2,,,,1
Valc,3,,,,1
Valc,4,,,,1
Valc,5,,,,1
Valc,6,,,,1
Vanquo,1,Empire,Generate_Force,1,
Vanquo,2,,,,1
Vanquo,3,Underworld,Generate_Force,1,
Vanquo,4,,,,3
Vanquo,5,Rebel,Generate_Force,1,
Vanquo,6,,,,5
Varada,1,Independent_Forces,Generate_Force,1,
Varada,2,,,,1
Varada,3,,,,1
Varada,4,,,,1
Varada,5,,,,1
Varada,6,,,,1
Veccacopia,1,Independent_Forces,Generate_Force,1,
Veccacopia,2,,,,1
Veccacopia,3,,,,1
Veccacopia,4,,,,1
Veccacopia,5,,,,1
Veccacopia,6,,,,1
Vena,1,Hapes_Consortium,Generate_Force,1,
Vena,2,,,,1
Vena,3,,,,1
Vena,4,,,,1
Vena,5,,,,1
Vena,6,,,,1
Vento,1,Empire,Generate_Force,1,
Vento,2,,,,1
Vento,3,,,,1
Vento,4,,,,1
Vento,5,,,,1
Vento,6,,,,1
Verdanth,1,Independent_Forces,Generate_Force,1,
Verdanth,2,Krath,Generate_Force,1,
Verdanth,3,,,,2
Verdanth,4,Rebel,Generate_Force,1,
Verdanth,5,Sith_Warlords,Generate_Force,1,
Verdanth,6,,,,5
Vergesso,1,Independent_Forces,Generate_Force,1,
Vergesso,2,,,,1
Vergesso,3,,,,1
Vergesso,4,,,,1
Vergesso,5,,,,1
Vergesso,6,,,,1
Veroleem,1,Empire,Generate_Force,1,
Veroleem,2,,,,1
Veroleem,3,,,,1
Veroleem,4,,,,1
Veroleem,5,Sector_Forces,Generate_Force,1,
Veroleem,6,Independent_Forces,Generate_Force,1,
Vicondor,1,Empire,Generate_Force,1,
Vicondor,2,,,,1
Vicondor,3,Underworld,Generate_Force,1,
Vicondor,4,Rebel,Generate_Force,1,
Vicondor,5,,,,4
Vicondor,6,,,,4
Vjun,1,Rebel,Generate_Force,1,
Vjun,2,,,,1
Vjun,3,,,,1
Vjun,4,,,,1
Vjun,5,,,,1
Vjun,6,,,,1
Volik,1,Independent_Forces,Generate_Force,1,
Volik,2,,,,1
Volik,3,,,,1
Volik,4,,,,1
Volik,5,,,,1
Volik,6,,,,1
Vondarc,1,Krath,Generate_Force,1,
Vondarc,2,,,,1
Vondarc,3,,,,1
Vondarc,4,Rebel,Generate_Force,1,
Vondarc,5,,,,4
Vondarc,6,,,,4
Vorpaya,1,Underworld,Generate_Force,1,
Vorpaya,2,,,,1
Vorpaya,3,,,,1
Vorpaya,4,,,,1
Vorpaya,5,,,,1
Vorpaya,6,,,,1
Vortex,1,Empire,Generate_Force,1,
Vortex,2,,,,1
Vortex,3,,,,1
Vortex,4,,,,1
Vortex,5,,,,1
Vortex,6,,,,1
Vorzyd,1,Empire,Generate_Force,1,
Vorzyd,2,,,,1
Vorzyd,3,Underworld,Generate_Force,1,
Vorzyd,4,Rebel,Generate_Force,1,
Vorzyd,5,,,,4
Vorzyd,6,,,,4
Voss,1,Independent_Forces,Generate_Force,1,
Voss,2,,,,1
Voss,3,,,,1
Voss,4,,,,1
Voss,5,,,,1
Voss,6,,,,1
Vrosynri,1,Empire,Generate_Force,1,
Vrosynri,2,,,,1
Vrosynri,3,,,,1
Vrosynri,4,,,,1
Vrosynri,5,,,,1
Vrosynri,6,,,,1
Vulpter,1,Krath,Generate_Force,1,
Vulpter,2,,,,1
Vulpter,3,,,,1
Vulpter,4,,,,1
Vulpter,5,,,,1
Vulpter,6,,,,1
Vulta,1,Empire,Generate_Force,1,
Vulta,2,,,,1
Vulta,3,,,,1
Vulta,4,,,,1
Vulta,5,,,,1
Vulta,6,,,,1
VunHanna,1,Chiss,Generate_Force,1,
VunHanna,2,,,,1
VunHanna,3,,,,1
VunHanna,4,,,,1
VunHanna,5,,,,1
VunHanna,6,,,,1
Vurdon_Ka,1,Krath,Generate_Force,1,
Vurdon_Ka,2,Empire,Generate_Force,1,
Vurdon_Ka,3,,,,2
Vurdon_Ka,4,,,,2
Vurdon_Ka,5,Rebel,Generate_Force,1,
Vurdon_Ka,6,,,,2
Wayland,1,Empire,Generate_Force,1,
Wayland,2,,,,1
Wayland,3,,,,1
Wayland,4,,,,1
Wayland,5,,,,1
Wayland,6,,,,1
Wistril,1,Independent_Forces,Generate_Force,1,
Wistril,2,,,,1
Wistril,3,,,,1
Wistril,4,,,,1
Wistril,5,,,,1
Wistril,6,,,,1
Woostri,1,Empire,Generate_Force,1,
Woostri,2,,,,1
Woostri,3,,,,1
Woostri,4,,,,1
Woostri,5,,,,1
Woostri,6,,,,1
Woteba,1,Killik_Hives,Generate_Force,1,
Woteba,2,,,,1
Woteba,3,,,,1
Woteba,4,,,,1
Woteba,5,,,,1
Woteba,6,,,,1
Wroona,1,Empire,Generate_Force,1,
Wroona,2,,,,1
Wroona,3,,,,1
Wroona,4,,,,1
Wroona,5,,,,1
Wroona,6,,,,1
Wurrif,1,Independent_Forces,Generate_Force,1,
Wurrif,2,,,,1
Wurrif,3,,,,1
Wurrif,4,,,,1
Wurrif,5,,,,1
Wurrif,6,,,,1
Xa_Fel,1,Empire,Generate_Force,1,
Xa_Fel,2,,,,1
Xa_Fel,3,,,,1
Xa_Fel,4,,,,1
Xa_Fel,5,,,,1
Xa_Fel,6,,,,1
Xagobah,1,Empire,Generate_Force,1,
Xagobah,2,,,,1
Xagobah,3,,,,1
Xagobah,4,,,,1
Xagobah,5,,,,1
Xagobah,6,,,,1
Xo,1,Rakata_Empire,Generate_Force,1,
Xo,2,,,,1
Xo,3,,,,1
Xo,4,,,,1
Xo,5,,,,1
Xo,6,,,,1
Xolu,1,Hutt_Cartels,Generate_Force,1,
Xolu,2,,,,1
Xolu,3,,,,1
Xolu,4,,,,1
Xolu,5,,,,1
Xolu,6,,,,1
Yaga_Minor,1,Empire,Generate_Force,1,
Yaga_Minor,2,,,,1
Yaga_Minor,3,,,,1
Yaga_Minor,4,,,,1
Yaga_Minor,5,,,,1
Yaga_Minor,6,,,,1
Yagdhul,1,Empire,Generate_Force,1,
Yagdhul,2,,,,1
Yagdhul,3,,,,1
Yagdhul,4,,,,1
Yagdhul,5,Rebel,Generate_Force,1,
Yagdhul,6,,,,5
Yashuvhu,1,Independent_Forces,Generate_Force,1,
Yashuvhu,2,,,,1
Yashuvhu,3,,,,1
Yashuvhu,4,,,,1
Yashuvhu,5,,,,1
Yashuvhu,6,,,,1
Yavin,1,Rebel,Generate_Force,1,
Yavin,2,,,,1
Yavin,3,,,,1
Yavin,4,,,,1
Yavin,5,,,,1
Yavin,6,,,,1
Yinchorr,1,Empire,Generate_Force,1,
Yinchorr,2,,,,1
Yinchorr,3,,,,1
Yinchorr,4,,,,1
Yinchorr,5,Rebel,Generate_Force,1,
Yinchorr,6,,,,5
Ylesia,1,Hutt_Cartels,Generate_Force,1,
Ylesia,2,,,,1
Ylesia,3,,,,1
Ylesia,4,,,,1
Ylesia,5,,,,1
Ylesia,6,,,,1
Yoggoy,1,Killik_Hives,Generate_Force,1,
Yoggoy,2,,,,1
Yoggoy,3,,,,1
Yoggoy,4,,,,1
Yoggoy,5,,,,1
Yoggoy,6,,,,1
Zakuul,1,Eternal_Empire,Generate_Force,1,
Zakuul,2,,,,1
Zakuul,3,,,,1
Zakuul,4,,,,1
Zakuul,5,,,,1
Zakuul,6,,,,1
Zanbar,1,Underworld,Generate_Force,1,
Zanbar,2,,,,1
Zanbar,3,,,,1
Zanbar,4,,,,1
Zanbar,5,,,,1
Zanbar,6,,,,1
Zeltros,1,Empire,Generate_Force,1,
Zeltros,2,,,,1
Zeltros,3,Underworld,Generate_Force,1,
Zeltros,4,,,,3
Zeltros,5,,,,3
Zeltros,6,,,,3
Zfell,1,Independent_Forces,Generate_Force,1,
Zfell,2,,,,1
Zfell,3,,,,1
Zfell,4,,,,1
Zfell,5,,,,1
Zfell,6,,,,1
Ziost,1,Rebel,Generate_Force,1,
Ziost,2,,,,1
Ziost,3,,,,1
Ziost,4,,,,1
Ziost,5,,,,1
Ziost,6,,,,1
Zolan,1,Rebel,Generate_Force,1,
Zolan,2,,,,1
Zolan,3,,,,1
Zolan,4,,,,1
Zolan,5,,,,1
Zolan,6,Sith_Warlords,Generate_Force,1,
Zongorlu,1,Empire,Generate_Force,1,
Zongorlu,2,,,,1
Zongorlu,3,Underworld,Generate_Force,1,
Zongorlu,4,,,,3
Zongorlu,5,,,,3
Zongorlu,6,,,,3
Zosha,1,Empire,Generate_Force,1,
Zosha,2,,,,1
Zosha,3,,,,1
Zosha,4,,,,1
Zosha,5,,,,1
Zosha,6,,,,1
Zygerria,1,Independent_Forces,Generate_Force,1,
Zygerria,2,Underworld,Generate_Force,1,
Zygerria,3,,,,2
Zygerria,4,,,,2
Zygerria,5,,,,2
Zygerria,6,,,,2
Endelaan,1,Tion_Hegemony,Generate_Force,1,
Endelaan,2,,,,1
Endelaan,3,,,,1
Endelaan,4,,,,1
Endelaan,5,,,,1
Endelaan,6,,,,1
Telerath,1,Empire,Generate_Force,1,
Telerath,2,,,,1
Telerath,3,Underworld,Generate_Force,1,
Telerath,4,,,,3
Telerath,5,Independent_Forces,Generate_Force,1,
Telerath,6,,,,6
Odryn,1,Independent_Forces,Generate_Force,1,
Odryn,2,,,,1
Odryn,3,,,,1
Odryn,4,,,,1
Odryn,5,,,,1
Odryn,6,,,,1
Tolan,1,Empire,Generate_Force,1,
Tolan,2,Underworld,Generate_Force,1,
Tolan,3,,,,2
Tolan,4,,,,1
Tolan,5,,,,1
Tolan,6,,,,1
Dohu,1,Empire,Generate_Force,1,
Dohu,2,,,,1
Dohu,3,Underworld,Generate_Force,1,
Dohu,4,,,,1
Dohu,5,,,,1
Dohu,6,,,,1
Immalia,1,Empire,Generate_Force,1,
Immalia,2,,,,1
Immalia,3,Underworld,Generate_Force,1,
Immalia,4,,,,1
Immalia,5,,,,1
Immalia,6,,,,1
